CustomerID,Monetary,Recency,Frequency
17791,106.1,51,10
13184,1394.85,36,141
13824,1593.94,54,43
16692,1126.0,278,2
12778,642.26,41,40
14015,917.34,74,20
15904,164.67999999999998,30,30
16902,1706.88,138,44
16063,335.32000000000005,282,23
13104,1098.48,25,20
15696,2567.61,55,161
14576,35.400000000000006,394,1
12473,2344.4,75,144
15809,515.77,58,35
14177,533.56,108,36
13203,771.95,31,51
13518,659.4399999999998,107,38
15321,2748.3100000000004,92,95
15225,374.00000000000006,256,22
17703,798.74,57,55
13645,252.1,142,5
16226,241.2,225,7
14282,3166.12,25,142
17043,1610.06,54,92
13995,1383.4900000000002,37,85
13936,318.28,201,22
16838,530.65,219,22
14761,236.09999999999997,80,10
15032,3780.7,278,45
16688,1190.3600000000001,23,59
14638,443.6,72,16
13376,799.8600000000001,121,44
17861,2027.45,25,215
13832,52.199999999999996,41,3
17148,124.88,73,9
13149,1572.5,36,77
14639,2968.59,74,171
15835,874.79,66,46
13838,629.92,27,158
18235,1755.2800000000002,93,102
16956,308.74,39,16
13200,823.8900000000001,41,43
12574,182.45000000000002,337,10
16048,256.44000000000005,395,8
16442,594.02,23,166
15150,4997.030000000001,39,320
14844,2171.9499999999994,85,116
12729,417.01000000000005,135,25
15717,68.1,256,3
12920,161.27999999999997,39,27
14779,366.15000000000003,302,37
17884,661.0000000000001,25,107
14821,48.800000000000004,388,2
13127,226.46999999999997,99,13
12359,6205.08,79,241
14785,47.400000000000006,32,2
16597,90.04000000000002,26,7
14954,320.8399999999999,34,79
17362,292.98,261,32
12812,229.64,66,15
14606,10562.49,23,2347
16354,395.8,85,39
18241,1841.2900000000002,31,93
18069,1859.92,48,419
17274,111.98000000000002,57,27
17802,921.6400000000001,104,101
12994,878.74,26,52
18129,106.25,265,11
15852,160.70999999999998,208,22
16412,119.58,75,30
17750,1548.43,27,158
15133,574.72,149,20
17231,2495.1699999999996,34,437
14593,520.0,43,138
17619,189.17,334,65
15091,459.91,89,29
15807,846.9000000000001,72,45
16722,4381.81,39,205
16569,113.7,25,4
16735,1931.5099999999998,100,110
14594,362.37999999999994,29,49
18242,2205.6900000000005,94,76
14540,962.06,31,74
14533,1933.92,46,61
14646,265106.92000000004,23,1987
13897,296.15999999999997,72,16
16317,1320.65,141,67
13431,1269.1,89,46
17969,228.20000000000002,188,14
16483,134.4,214,18
16843,9372.3,64,344
17709,137.45,191,7
15903,4046.76,31,66
13636,832.72,58,56
17988,159.22,33,36
18161,1458.4899999999998,37,72
14768,192.60000000000002,39,5
16721,261.77,284,33
15517,247.11,255,23
13034,642.7700000000001,76,37
18081,343.45,58,17
16934,814.4300000000001,76,55
14735,5746.49,25,185
16432,271.5,86,7
14714,160.19,46,10
17230,3397.2099999999996,286,66
17017,8694.26,24,252
14245,1554.0700000000002,241,99
12707,603.42,313,33
14267,1463.1399999999996,184,52
14543,3419.88,50,61
12458,731.9000000000001,93,33
14511,1303.21,33,67
17500,1138.0,39,5
12393,1521.0,94,61
15862,751.03,30,131
12843,1336.4800000000002,87,84
17289,857.6199999999999,53,97
16574,451.43999999999994,93,28
14078,1020.6400000000001,123,55
17295,554.6100000000001,50,68
17351,555.35,58,25
16302,212.82,148,10
12581,169.20999999999998,61,13
15494,1215.44,43,117
13396,1344.64,51,42
12839,5127.22,24,291
15652,317.94,113,19
18064,814.0,155,7
13308,1370.51,44,53
16756,221.70000000000002,236,12
12659,73.68,51,4
15041,166.03,192,61
12353,89.0,226,4
14760,89.2,319,5
16402,299.6,286,60
13947,90.6,87,5
15144,6196.240000000002,30,204
12444,3926.7,43,161
12622,147.09999999999997,254,9
14227,3038.0600000000004,48,160
17667,1957.71,88,111
12598,2763.4799999999996,31,125
16916,531.1600000000001,45,134
13562,1334.7099999999996,103,62
13524,543.4800000000001,62,22
16594,179.53,97,50
12367,150.89999999999998,26,10
17813,1708.96,36,343
15938,386.88,134,17
15655,528.57,265,31
14241,213.70000000000005,205,10
16666,77.69999999999999,41,16
14890,105.9,275,6
13375,761.6500000000001,110,36
13475,1249.92,213,73
15845,3626.45,39,135
13974,413.59,71,28
16804,432.49999999999994,45,52
13575,714.37,45,45
15768,601.6300000000001,137,25
13525,577.9,36,5
16327,3309.04,36,264
14886,364.79999999999995,274,18
13362,2744.4000000000005,31,148
13922,124.54999999999998,373,5
13158,1124.2,116,75
13919,306.81,81,22
12948,2005.73,38,112
14100,191.95000000000002,159,25
17449,1995.5300000000002,24,227
13690,172.25,81,9
15142,483.74,68,25
12630,940.1800000000001,31,57
14937,1374.08,78,32
15291,4515.400000000001,47,97
16140,725.1800000000001,87,35
14987,163.2,37,2
16404,385.55000000000007,92,21
13388,624.0000000000001,153,34
16358,1992.0999999999997,23,107
17419,3935.27,33,190
15374,168.0,150,3
16356,211.77,219,31
17739,2791.3500000000004,33,47
17553,1487.6,151,2
17737,168.24,31,10
13948,101.99999999999999,382,3
12747,3569.41,24,84
15125,11170.480000000001,47,125
17767,204.20000000000002,37,17
15297,611.94,32,37
14597,805.8000000000001,33,53
12596,404.17,73,23
15456,300.96000000000004,305,48
14566,716.0,132,2
16093,17.0,128,1
17505,1145.84,183,52
17526,1195.9,26,19
12877,1213.27,25,135
14626,2512.77,45,113
16773,64.59,79,10
14397,2612.96,24,87
16066,1504.9200000000003,38,99
14285,1904.1100000000001,43,26
17997,1698.48,96,137
16071,287.73999999999995,66,19
18176,422.05,380,26
15532,1416.2500000000002,47,206
14030,2091.88,40,204
17011,270.9,52,15
16239,414.2,78,19
13841,85.0,274,1
15656,730.8000000000001,67,46
17166,206.33999999999997,60,12
15090,381.32,330,23
13146,154.31,48,14
17330,363.9,44,6
15578,93.1,184,12
15692,173.33999999999997,50,11
14946,100.9,36,3
14258,8497.499999999998,31,86
15645,573.8499999999998,40,47
16633,2807.5,39,147
14951,237.41000000000003,101,14
16794,1211.58,23,278
16405,167.25,324,5
13720,739.5,138,39
13026,821.4000000000001,23,32
12974,91.25,219,6
14544,2010.6500000000003,46,111
13355,636.2,144,30
15325,150.76,125,42
15740,154.88000000000002,71,9
12915,280.2,170,16
16458,2323.35,24,142
13940,824.1400000000001,39,48
16298,598.1999999999999,44,27
14708,1126.37,24,28
16079,1315.1,38,18
16013,30451.100000000006,25,128
12559,525.7099999999999,332,20
17002,1442.73,107,48
15483,189.36,183,65
14741,1309.14,33,54
17970,488.59000000000003,233,25
12988,307.47,314,64
18072,175.67999999999998,207,14
16700,4718.75,30,292
16812,449.3500000000001,382,13
13806,256.38,85,10
12785,236.45,386,12
12580,379.7,268,23
16858,375.69000000000005,390,10
12588,174.89999999999998,61,9
13695,2418.03,53,85
15553,412.87999999999994,82,53
13845,312.98,86,9
12852,311.55,316,17
12553,2756.3099999999995,30,156
14305,1766.26,93,100
13314,710.72,23,55
14276,1039.1399999999999,120,59
14984,191.17000000000002,41,37
14480,279.05,33,13
14998,407.68,192,69
16808,283.38,121,22
15016,141.74,194,16
16739,323.00000000000006,198,13
14475,761.35,93,34
15179,2115.65,40,88
14211,2056.9,75,104
15384,642.41,191,41
17932,1239.67,51,84
15220,1691.6599999999996,73,111
15514,4068.95,34,173
17779,604.2,43,72
15889,353.47,178,78
12984,97.5,40,4
15543,114.46,310,23
13753,741.26,309,35
14482,1330.7900000000002,40,124
16338,214.8,179,11
12658,460.7499999999999,40,26
15549,1634.5300000000002,99,103
15796,2511.92,23,122
13928,407.57,32,24
13439,263.68999999999994,277,49
16708,641.63,67,26
12937,1200.5900000000001,37,106
16832,182.8,206,11
16367,737.9599999999998,59,117
17345,494.93,37,76
13106,76.5,155,1
13124,3614.3100000000004,111,213
15539,538.46,29,41
17239,311.7,334,14
15445,113.5,286,5
12851,124.81,118,48
13500,1166.77,45,65
16049,888.08,62,264
17973,313.64,73,13
15386,365.7,208,27
15428,76.08,37,5
12883,686.47,46,41
17940,2238.58,71,18
15070,106.2,394,1
15484,3548.75,23,183
16592,3952.48,26,206
14713,2489.7799999999997,31,308
17669,2877.22,64,62
17601,108.51,261,8
17400,1966.4600000000003,148,197
13929,763.75,191,7
17560,646.3700000000001,116,19
17120,289.76,255,17
13035,921.88,95,27
17590,1431.0,24,191
17656,1465.43,95,74
13848,1255.0,114,5
16448,139.74,220,17
16751,1764.7199999999998,52,25
12739,975.5400000000001,121,37
15213,298.35,340,22
17873,1629.0800000000002,102,37
13230,2607.55,26,552
12600,1129.08,50,36
12544,286.70000000000005,58,16
17724,832.7,93,32
13295,111.20000000000002,381,6
16153,1810.2800000000002,71,88
17451,1718.9,23,99
13307,15.0,142,1
12755,3811.9499999999994,302,4
14487,1119.85,48,124
13487,501.5,79,31
14001,1665.58,67,36
14447,1003.9300000000001,40,61
13138,962.39,44,63
14633,272.90000000000003,288,15
15567,186.01000000000002,40,7
15042,135.93,221,5
12836,2330.17,81,158
14157,369.58000000000004,41,43
14019,1421.61,68,66
12908,750.0,198,2
13730,752.6,157,43
16124,249.0,339,11
14350,191.67,296,13
13769,2619.5099999999998,24,125
14273,381.52000000000004,73,20
15601,6158.1,33,384
14930,2263.960000000001,130,123
12999,455.88,218,28
15957,401.35,53,40
17416,5831.59,51,239
16110,1299.3100000000002,67,343
18095,580.05,334,21
12403,9.9,71,1
14649,755.0200000000001,26,161
14995,117.88,60,35
18040,336.40000000000003,41,18
17934,704.25,73,21
18172,5997.48,36,181
16781,293.54999999999995,394,16
17142,578.9999999999999,261,15
13551,56.1,341,2
14327,240.85000000000002,185,11
17608,152.81000000000003,55,46
15218,3629.8500000000004,32,132
16997,565.5,310,10
13892,590.13,48,24
13748,948.2499999999999,117,28
13456,1733.52,39,61
13900,723.25,205,42
18230,2187.04,31,80
17948,358.56000000000006,169,1
17800,930.0600000000001,59,84
17071,2312.53,50,133
16444,587.9900000000001,68,70
17649,847.69,160,51
17206,204.24,75,7
14494,139.56,47,7
17084,2904.55,57,158
17412,1214.86,24,64
17422,1804.23,38,106
14738,1205.8500000000001,64,48
12814,85.92,123,1
13873,331.34,141,19
15221,403.25,388,5
13731,509.46,241,31
15975,356.01,106,23
16368,437.90999999999997,24,61
15739,449.12,88,8
17942,77.50000000000001,29,2
16198,375.88,97,13
18184,49.8,37,1
12481,4913.870000000001,44,204
14334,2368.23,38,149
14412,729.95,64,41
16139,635.4100000000001,40,31
14700,2202.0200000000004,54,113
15269,408.8,45,2
13988,3740.4500000000003,41,207
12731,16767.71,45,266
15869,142.39,299,13
17460,498.53000000000003,116,25
16433,184.26,50,17
16115,1625.04,31,267
16531,1234.69,44,76
14066,152.55,288,7
15327,208.75,74,10
15967,382.38,45,77
15306,1154.4499999999998,86,57
15265,1494.7199999999998,173,81
15951,690.52,30,40
14034,646.77,44,84
17466,546.83,32,33
16320,1027.9599999999998,194,55
15773,625.1800000000001,27,9
13811,519.75,205,10
15315,540.7399999999999,86,35
15075,758.03,99,26
14032,2942.74,24,141
13285,2609.02,45,181
13548,590.4200000000001,118,107
13652,1043.38,67,60
17483,360.64000000000004,87,19
14661,97.75,48,3
14083,916.0200000000001,26,159
14691,2114.33,52,71
17118,157.02,339,10
14883,711.73,40,48
17397,633.01,44,85
17312,644.3,160,14
12832,300.83000000000004,54,21
13561,60.260000000000005,237,13
15813,1282.9099999999996,229,38
16671,1159.35,57,3
14259,89.1,163,3
16201,1801.0700000000002,25,108
14393,67.94999999999999,240,5
17344,141.3,68,25
13332,333.04999999999995,36,20
14293,954.9600000000002,25,57
15955,4232.26,46,177
16716,901.2,288,2
14400,574.6999999999999,171,25
15808,3157.6200000000003,328,186
17107,9452.300000000001,55,385
15100,876.0,355,3
17311,1384.85,100,55
13280,756.21,144,81
17614,342.93,79,86
12349,1372.4200000000003,40,68
17781,172.12,181,10
17736,337.49,31,24
17585,1032.9299999999998,131,192
12354,1062.8000000000002,254,57
15492,659.4599999999998,50,35
12879,573.22,66,10
15756,475.9,83,174
12856,2085.43,29,301
17704,782.2899999999998,190,28
12409,10223.27,100,102
16041,3166.4,52,6
13211,1137.4699999999998,32,53
13427,551.7,41,27
14191,3746.66,23,222
14555,257.39,79,18
17259,540.14,170,109
13083,303.75,26,18
13317,2210.88,88,120
17679,1952.16,74,29
15748,149.30999999999997,62,21
14262,2618.2299999999996,30,143
16528,234.92999999999998,25,16
13601,609.7500000000001,67,84
14716,294.24,65,49
17234,149.89,204,14
16455,1758.68,85,94
14788,679.4399999999998,29,30
14460,299.46,132,12
17870,1673.04,24,244
14888,369.2,229,20
13743,1341.6,24,41
17545,614.4100000000001,65,134
16967,298.32,211,19
18167,1314.0600000000002,45,35
12584,2125.4500000000003,25,90
12820,924.6400000000001,25,58
16601,193.07999999999996,62,23
17774,941.1700000000001,118,129
15023,6053.2300000000005,25,515
17228,1525.4499999999998,37,185
16152,1829.0399999999997,290,29
12735,676.97,337,40
13402,613.9100000000002,149,37
13710,160.07999999999998,53,7
18203,160.42000000000002,179,19
14500,356.85,110,7
12763,483.88,160,17
15513,14475.02,55,303
17165,158.68,306,10
13092,448.06999999999994,92,23
12891,331.0,207,3
16315,226.37,352,14
16545,339.3,186,3
16409,1621.12,58,191
14963,1342.3899999999999,31,184
18032,48.3,356,3
13066,443.81,46,45
16243,386.25,55,47
12668,3033.3500000000004,33,147
13685,3115.4300000000003,24,34
14895,10911.16,29,487
16274,325.29999999999995,395,62
14456,2789.56,27,865
13233,447.44,96,32
13588,2409.6499999999996,37,168
12561,224.00000000000003,324,15
17987,186.87,207,12
14790,697.48,38,42
18055,5958.15,29,306
17190,405.71,80,16
14240,821.6400000000003,52,39
15865,895.13,62,40
17046,642.0199999999999,179,22
17516,682.0799999999999,37,125
15986,168.11999999999998,52,14
17475,184.88999999999996,101,13
17754,945.92,22,68
15981,3408.48,46,97
15021,1729.62,30,412
14758,1465.46,166,70
14856,1304.66,58,65
15752,2356.4700000000003,61,370
15670,153.25,318,11
15334,344.65999999999997,178,96
15414,774.9,31,39
12514,1017.6800000000001,289,51
15795,504.47,171,35
14339,309.52,264,14
17889,155.01999999999998,234,19
13391,59.8,225,1
13283,93.66,81,7
15189,15638.59,23,206
12844,293.11999999999995,51,46
17513,513.2,94,6
13060,234.00000000000003,275,12
13297,1978.49,29,57
15745,1014.3900000000001,41,56
14656,263.9,191,74
13925,678.25,114,41
13182,110.68,67,10
12657,1427.18,33,44
12478,545.9900000000001,25,35
13638,112.14000000000001,37,7
14739,3797.2799999999997,26,54
16117,201.03000000000003,211,25
14446,920.0899999999999,22,257
14560,2186.4700000000003,29,70
14875,1304.7199999999998,129,45
14073,125.53999999999999,54,11
12614,249.6,299,16
16018,402.65000000000003,61,27
12506,73.50000000000001,254,23
16148,76.32000000000001,318,1
16484,404.30000000000007,195,25
14427,363.34000000000003,72,17
18146,124.80000000000001,162,8
14466,2067.6,51,67
14005,2758.5000000000005,31,78
16085,894.6999999999999,45,146
13126,1684.7000000000003,26,116
13405,526.55,226,23
15076,864.25,194,48
15755,2227.92,32,131
15491,2873.0200000000004,117,139
13261,944.1,290,9
18109,7907.610000000001,23,423
12379,739.8399999999998,103,36
12676,842.69,46,36
12437,4396.16,23,181
15254,271.76,149,16
17256,240.0,129,16
16582,313.61999999999995,135,6
16080,175.56,103,9
16272,346.35,138,21
14641,110.46,43,7
16042,1197.2700000000002,44,71
14426,4346.390000000001,45,213
17499,570.5799999999999,311,37
16955,453.2699999999999,206,21
14045,1417.1999999999998,131,5
15965,673.6500000000001,39,111
13626,257.22999999999996,274,19
14647,243.21999999999997,223,30
16927,543.0500000000001,137,6
15078,8408.92,29,396
17139,10403.269999999999,37,468
14104,183.32,176,13
17904,171.51999999999995,43,35
15917,112.89999999999999,269,11
13656,330.45,186,45
17866,311.95,164,8
17862,150.9,345,9
16191,5114.82,24,130
17035,355.58,267,22
17672,3111.27,72,106
15716,958.8,167,102
16211,547.0200000000001,110,23
13486,1014.7600000000001,100,62
17133,3994.640000000001,37,25
15637,223.36,74,15
16586,463.95,270,8
16650,502.82,93,23
14701,2463.45,32,314
16660,739.05,38,13
15145,1178.13,26,66
14534,4107.570000000001,24,462
14300,43.2,40,3
16470,700.98,73,157
17552,865.01,82,47
13075,919.6100000000001,151,22
14002,432.63,156,40
16038,337.08000000000004,29,20
12831,150.25,284,7
17557,462.6800000000001,36,28
16835,139.25,150,8
14484,321.92,72,14
16495,626.71,25,92
17391,508.8,185,3
13681,739.0500000000002,39,50
17323,853.49,37,178
12962,251.39000000000001,29,15
12454,2734.7400000000002,78,12
17901,110.38,51,19
12713,694.95,22,34
13038,908.46,102,28
12919,1320.19,30,49
12434,773.44,106,48
15556,263.90999999999997,46,28
15028,605.3100000000001,30,43
13712,228.83999999999997,268,10
16904,3408.98,26,628
12448,310.37,66,17
14408,2561.56,32,102
16546,787.15,312,25
14861,116.67000000000002,74,5
15438,142.93,153,21
15587,832.3199999999999,72,8
15541,50.39999999999999,136,23
12849,934.79,53,44
14912,562.57,38,21
18251,4314.72,109,16
18143,959.8000000000001,138,58
13684,44.58,307,24
15661,309.8,339,5
12980,1045.0800000000002,198,6
16859,656.21,166,45
15932,2139.0200000000004,26,100
17051,229.73,216,39
15035,203.41000000000003,111,25
14309,2324.09,30,113
16847,193.44,65,12
17337,1885.3,173,484
14431,470.36,324,17
13875,1628.39,75,93
12475,669.3799999999999,75,35
15626,613.94,96,44
14479,298.55,275,17
16340,547.81,129,150
15639,414.82,156,24
17630,386.3999999999999,191,20
15466,327.03,107,56
17146,645.2499999999999,127,29
13449,274.18,45,18
17775,36.0,276,2
14326,149.85000000000002,264,6
16668,306.71999999999997,37,20
13497,348.04999999999995,304,19
12725,175.95,393,12
14338,562.1199999999999,183,29
14155,17.85,288,1
15103,619.9599999999998,53,29
15232,492.06,135,27
13309,1330.06,29,97
12705,5980.71,37,303
16003,2633.5699999999997,51,99
13059,183.4,271,8
14667,7940.99,32,497
14147,483.4,100,5
13751,123.3,310,7
13763,1624.9599999999998,85,14
18018,122.14,130,29
12674,1778.2,60,77
14631,972.2599999999999,72,37
13266,3089.84,33,165
12422,654.0999999999999,117,36
16960,499.52,60,98
17054,1226.3000000000002,50,75
14818,634.1999999999999,95,45
14044,582.4200000000001,48,193
12350,258.0,332,13
16581,95.34,204,8
14031,15080.719999999996,29,223
13049,656.6800000000002,86,14
16268,527.5999999999999,93,39
14775,971.8199999999999,80,57
14436,66.5,120,6
15316,165.0,348,1
13116,483.44,160,29
12589,549.08,50,31
12562,3298.24,30,156
17629,1563.98,27,113
13956,969.9400000000002,27,138
15953,901.2799999999999,37,78
14829,632.9,51,38
14221,3077.5,64,182
13591,1026.13,86,53
13282,1116.54,40,36
13721,477.14,58,25
16553,5565.92,185,80
15121,446.32000000000005,72,27
13198,3027.86,32,206
17728,2805.61,25,161
15192,772.86,141,39
17135,1069.53,38,47
18139,8438.34,39,159
17883,633.02,25,138
12876,1867.4599999999998,79,73
17480,496.82000000000005,99,28
14111,692.85,36,10
14849,7797.060000000001,43,380
13678,112.68,173,9
13930,337.34,79,17
16755,1343.6999999999998,136,155
17512,2780.79,50,101
17654,113.65,299,21
16323,207.50000000000003,218,1
13122,821.01,116,49
17193,1699.3000000000002,57,32
13437,3307.3399999999997,36,160
13803,260.47,277,16
13933,608.7899999999998,131,23
15154,261.54,97,71
17245,171.45,226,9
16712,3609.21,31,439
13798,26986.29,23,272
12945,386.35,310,19
14592,519.5,57,146
14766,2195.71,30,121
14424,322.08,39,1
12721,2128.4399999999996,53,137
13572,1303.7500000000002,227,30
12913,2357.88,26,45
13299,142.5,290,5
17588,1102.1399999999999,122,20
15561,800.5899999999999,33,27
18212,183.18999999999994,348,38
17123,210.6,183,7
15568,707.29,24,50
15464,1007.48,360,146
17004,1412.9400000000003,68,44
14089,161.0,78,14
17771,234.83,78,52
17955,394.1,240,18
13807,96.69999999999999,389,6
14988,280.34,233,33
14234,736.38,44,134
15289,878.1,51,52
14538,335.15000000000003,86,18
14573,1577.74,201,214
12427,699.8,43,28
16141,585.0,110,29
14250,1904.05,29,111
12793,461.48,356,22
14819,218.97000000000003,86,10
17047,1004.3000000000002,107,60
14598,201.11,66,47
18272,2920.7200000000003,24,155
13831,1137.31,38,62
18075,2236.5699999999997,45,129
15870,335.94,54,73
18078,334.47999999999996,239,28
12847,773.2599999999999,44,76
14675,571.1400000000001,38,91
13516,1389.4100000000003,43,44
13602,428.89,86,23
16644,812.78,199,60
17809,5305.71,38,59
15665,2045.75,190,104
15719,4267.85,54,840
14448,62.55000000000001,386,15
14699,109.13000000000001,236,8
17554,1925.9,23,85
14551,186.23000000000002,40,10
12518,1780.5899999999997,22,115
13663,189.46999999999997,201,13
13418,6062.34,33,296
15168,106.56,47,5
14512,269.47999999999996,209,22
15488,91.32000000000001,114,2
13160,91.8,44,4
16676,1485.2699999999998,55,86
16837,3078.1899999999996,53,158
13023,599.9,86,38
16882,678.02,88,37
17924,2237.1000000000004,33,27
12618,137.31,43,10
17048,849.8499999999999,139,40
12824,386.92,81,24
17797,721.3199999999999,44,105
16053,1474.55,54,82
12875,343.2300000000001,165,2
13316,5965.980000000001,59,85
15006,421.67,73,123
12693,656.29,149,31
16915,454.2300000000001,31,54
14251,2879.7,23,78
15274,716.57,26,47
16779,9868.39,24,286
15781,327.61000000000007,47,19
13755,1838.44,25,268
12956,94.67,328,15
14163,1456.89,109,38
17888,666.17,43,57
12358,341.86000000000007,23,10
17044,768.48,47,5
14110,5093.22,25,137
17865,9795.18,52,355
15211,784.0100000000001,82,45
15625,1534.26,125,64
14270,492.65,353,29
15901,341.26000000000005,38,107
13627,1576.97,81,87
16796,282.91999999999996,111,16
16055,134.8,242,8
14162,271.96,195,24
13739,216.9,40,3
15083,62.699999999999996,278,3
18114,205.75,312,25
12621,12054.41,23,429
17030,133.47,85,9
14923,729.2000000000002,72,43
16555,285.89,57,17
17010,195.36,40,11
12573,129.14,249,24
15523,85.03,106,6
12504,428.04999999999995,40,8
13321,549.6600000000001,94,10
13161,71.44999999999999,335,6
16784,77.6,41,2
13886,226.96000000000004,93,15
14644,830.76,89,26
16145,3478.6099999999997,30,207
17965,2372.12,59,293
12703,265.55,93,20
15789,300.90000000000003,380,21
17829,823.84,320,29
13667,272.54999999999995,171,75
15933,1034.68,43,69
15974,3182.5699999999997,61,155
16884,429.84000000000003,59,26
14023,584.0699999999999,29,31
14113,1739.7200000000003,25,31
12398,1381.46,67,80
16109,395.15999999999985,240,10
14896,462.01,226,41
17365,4582.86,34,443
15829,488.46,121,38
17995,52.5,303,1
14552,152.57000000000002,173,54
14443,1379.4,75,90
13527,2225.4300000000003,55,217
14715,769.03,46,65
17387,747.4899999999999,41,71
13520,2828.8100000000004,80,80
12758,2588.39,138,91
17134,305.15000000000003,128,18
17682,2277.1600000000003,32,108
17183,2966.91,29,67
17839,337.55000000000007,64,55
12782,1662.77,26,87
16917,391.52000000000004,298,9
17061,4778.73,95,93
16951,1252.55,156,84
18006,411.62999999999994,45,19
17212,226.85,275,4
14053,260.25,146,4
16045,1313.2,141,81
12766,6276.29,25,296
17676,1289.78,26,72
14507,1251.3300000000002,45,88
17744,1810.3000000000002,25,109
13067,87.52,104,12
13344,2454.32,89,115
15060,276.85,30,100
17759,818.54,39,91
15942,337.43999999999994,155,14
16900,782.51,38,68
15326,270.21999999999997,355,24
15825,406.41999999999996,194,11
17857,25301.54,26,48
12906,2919.81,33,63
13592,230.10999999999999,57,15
17912,275.90999999999997,332,32
13103,228.94,61,7
14795,131.45,188,6
16394,1455.6000000000001,78,76
16669,1232.5,45,140
13862,2142.98,40,134
18283,1964.26,25,719
17140,465.32,269,20
13750,1577.2099999999998,75,21
17204,1499.16,197,53
16710,2401.3199999999997,41,388
18178,1438.11,150,90
12535,600.75,113,29
13745,281.58,184,23
12942,674.2299999999999,153,71
15730,1002.4800000000001,87,63
12779,3902.3599999999997,59,143
17006,754.2800000000001,26,42
13117,802.63,43,59
16891,763.5799999999999,23,188
18233,440.0,347,1
13291,361.11,177,42
17650,166.07999999999998,43,8
15605,1153.53,58,64
17404,30500.22,26,193
13718,109.15,268,7
13726,1060.94,60,40
13479,281.05,222,14
15527,2287.87,40,153
16852,88.36000000000001,32,7
12586,179.24,39,10
15593,199.8,92,5
14229,1547.2,73,40
14973,1314.4499999999998,129,32
14116,1240.5100000000002,41,65
17427,100.8,93,2
13030,752.93,33,94
15400,618.7,114,11
16034,394.79999999999995,218,19
15895,33.51,171,9
13140,384.21999999999997,130,41
13982,1474.91,61,103
12452,348.57,38,20
16261,719.63,39,114
16698,1998.0,248,5
17705,1710.02,25,97
16005,540.8199999999999,34,191
13263,6664.58,23,1493
14257,3010.07,86,100
13894,469.92,45,23
12357,5301.969999999999,55,116
17906,57.3,269,10
15909,191.93999999999997,195,7
15570,4005.4500000000003,29,308
15584,505.78,45,87
15110,756.4000000000001,45,32
13643,480.94000000000005,53,26
14461,1770.85,170,158
16471,168.14999999999998,296,10
12650,242.44,25,19
17976,179.14000000000001,394,46
16963,110.55000000000001,209,7
13170,94.92,48,25
16337,151.05,58,10
17849,598.6500000000001,240,24
13099,207.35999999999999,121,1
16180,9144.68,122,153
16641,231.10000000000002,127,12
16762,1340.0299999999997,41,83
14483,137.1,303,9
16014,629.8800000000001,59,134
16466,1337.0600000000002,55,134
13931,1137.43,117,53
16539,1353.4099999999999,24,43
12626,5736.0599999999995,45,276
17994,607.6899999999999,143,70
16116,571.46,233,30
18101,143.3,33,30
12925,673.25,26,44
13425,1422.36,130,67
15182,516.3,176,25
17961,1150.52,43,227
16583,233.45000000000002,395,14
17124,223.01,207,25
18144,2714.8500000000004,29,39
16515,1601.7800000000004,74,111
16989,1133.25,29,12
16873,6908.5,26,269
16056,646.05,67,63
18027,111.05999999999999,120,20
18226,4775.6,66,222
18171,1183.46,80,51
18011,72.97999999999999,395,22
13754,272.4,173,11
16825,760.1800000000001,60,27
16957,401.04,261,15
14725,621.73,46,43
17893,112.25,247,16
15364,913.1900000000002,117,29
17806,487.3599999999999,33,37
16554,820.1,64,51
13135,3096.0,218,1
17819,3690.949999999999,93,46
17172,308.4,100,14
15654,656.1300000000001,31,17
15858,1280.1,37,176
13004,4974.99,33,360
13557,521.9599999999998,50,29
15043,537.0,53,3
13898,140.93,347,11
13842,3210.1600000000003,80,197
16072,569.32,310,22
13581,47.2,331,7
14972,109.75999999999999,150,16
14759,1575.6200000000001,26,99
13085,416.08000000000004,179,22
15054,279.82000000000005,34,101
16828,113.5,134,7
14796,7149.81,23,1015
14645,512.02,178,26
17353,1740.0,151,8
13118,1124.77,41,68
13990,271.3,235,14
12884,288.25000000000006,110,6
15503,120.22,384,62
16127,609.9,61,37
14236,477.41999999999996,102,13
17189,359.62,128,57
17403,281.62,58,33
15171,1102.0,353,4
17125,258.09999999999997,72,39
14733,8735.11,38,176
17908,162.37999999999994,395,47
15949,339.52,38,17
12625,2348.42,233,83
16800,1146.4900000000002,33,159
12601,451.65999999999997,211,22
16031,385.91,114,86
12682,10015.42,25,464
16923,6952.87,34,632
17164,2410.95,54,140
14009,676.1099999999999,220,41
12472,5892.37,54,319
17384,87.08,41,10
18084,90.47999999999999,38,1
16275,544.8700000000001,218,32
15857,281.99999999999994,40,13
13761,1060.15,72,69
12451,8094.570000000001,32,320
15351,1792.06,34,212
13460,157.34,51,14
17491,3457.88,23,105
14696,1731.29,26,105
12902,138.67999999999998,286,10
14485,165.75,60,47
15526,148.44,55,4
16979,1754.32,25,82
14662,744.28,50,163
14929,223.88,54,11
13448,3503.67,38,192
14140,935.05,25,66
18204,1878.7500000000002,93,185
18014,150.52,50,30
17227,939.3199999999999,40,47
17364,4217.62,22,383
15709,91.46000000000001,305,4
12528,1325.36,31,65
15111,1535.4799999999998,51,82
17831,35.400000000000006,55,2
13515,777.1199999999999,94,53
16308,2560.0,59,4
17514,161.13,150,30
14076,103.87,151,40
13975,2327.91,53,315
14965,531.3299999999999,118,75
12955,4697.16,23,178
15907,848.24,25,225
16369,1551.5800000000002,40,116
16637,1095.49,54,65
12599,888.5800000000003,51,55
13381,3605.31,53,171
14491,325.92999999999995,197,16
17504,2940.8700000000003,228,124
13756,5081.820000000001,24,137
14607,14154.5,37,73
14470,399.39000000000004,33,35
15743,753.98,38,82
13142,250.39,41,19
14889,110.7,358,8
14406,118.24999999999999,141,6
15175,200.14000000000001,93,20
12720,4921.3099999999995,24,332
14000,404.06,233,9
15279,153.11,376,9
17277,962.2500000000001,249,63
16429,4.95,128,1
17350,1260.0300000000002,30,68
16814,6324.400000000001,36,317
13672,60.84,323,2
15624,517.3300000000002,138,31
13070,145.60000000000002,214,6
16474,1686.7600000000002,29,328
14748,1328.5,51,83
15045,712.26,173,11
12616,641.3,117,30
15571,642.11,33,55
14291,3883.25,23,237
13501,1203.1399999999999,310,48
14077,490.21,62,39
15744,34.8,99,3
13108,350.05999999999995,394,10
16011,3305.76,30,206
17648,1755.98,82,88
14333,415.2,89,15
13771,2547.35,86,116
15644,770.7,188,217
12922,352.87999999999994,183,25
16411,208.39999999999998,41,44
14288,426.6,235,16
13176,387.64000000000004,68,59
12781,664.58,85,21
12769,1069.6499999999999,260,28
15024,1574.93,31,147
13385,494.97,351,32
12909,1884.4499999999998,61,79
17891,198.81999999999996,184,33
13000,481.75000000000006,128,29
16488,377.74,55,24
12719,511.35,27,33
13593,1739.38,130,113
16746,6335.84,26,420
13245,430.5,72,16
17267,271.27,149,32
12665,45.0,346,2
13594,394.47,74,25
13120,30.599999999999998,260,1
16980,1064.92,277,85
16503,1258.23,128,75
15508,904.5100000000001,211,84
16260,936.7,72,15
17367,163.4,260,32
14265,465.68,131,28
17458,301.79,37,50
15705,143.10000000000002,223,6
12643,2576.64,150,16
17527,834.51,75,41
13976,327.68,228,8
16293,2171.3900000000003,43,114
16189,215.47999999999996,37,11
16780,404.14,122,55
17730,4896.99,25,196
17338,5571.16,39,667
17495,467.56,29,26
13552,3577.77,88,103
14584,1027.51,191,98
14256,949.16,282,52
18013,183.92999999999998,177,30
17394,195.16999999999996,241,3
15791,1533.8900000000003,65,71
15292,180.94,223,25
15437,184.75,284,38
15704,1973.8400000000001,162,103
17525,400.2,381,8
17887,95.45,151,9
16841,1598.3999999999999,58,101
12446,949.56,79,54
15866,216.18,123,40
17248,292.03,142,59
14681,498.95,93,7
14703,318.16999999999996,36,22
15356,2556.58,53,486
12414,263.76,239,11
15244,525.3699999999999,87,32
12519,286.84000000000003,85,17
15699,279.65,39,16
15528,152.08,276,23
15343,358.7,109,20
16567,707.05,216,28
16929,1020.8499999999999,25,59
16084,315.6,321,30
18287,1220.0600000000002,64,58
15700,671.4300000000001,194,80
15569,777.5099999999999,125,25
13255,381.81,31,12
15805,5085.56,45,277
12652,778.98,353,46
16146,641.73,179,26
17899,120.49000000000001,181,29
16914,208.45999999999995,58,38
14395,3292.9700000000003,24,326
17186,144.0,68,2
16325,594.24,68,18
13327,3196.77,60,98
13050,5431.8099999999995,36,367
15237,1346.56,23,94
15109,418.55,267,24
16909,353.64,94,17
16190,179.68,62,5
14697,78.80000000000001,240,11
16050,122.0,195,9
14185,197.65,353,3
13810,827.51,50,32
13509,964.72,30,43
16791,1610.31,51,295
13349,197.31999999999996,32,15
18133,931.4999999999999,234,1
17646,985.59,241,49
15389,500.0,194,1
13395,305.8,207,20
17659,2880.76,39,151
14524,1686.5300000000002,53,182
15482,8895.960000000001,37,75
17732,246.87,394,15
15224,280.97999999999996,380,12
14537,355.56000000000006,79,10
12406,2930.9000000000005,44,97
14828,2139.76,218,17
16933,511.47999999999996,23,40
15535,338.5499999999999,195,55
17714,78.0,342,5
18150,566.5800000000002,54,37
16351,133.5,354,7
16240,3644.3,46,130
14465,602.66,268,114
14410,1005.1300000000001,114,181
13013,4584.719999999999,23,206
17235,514.66,47,28
16377,676.2,289,5
15079,814.0100000000001,234,46
17138,266.75,297,17
13972,173.65000000000006,92,14
15623,269.53,163,17
17670,173.89999999999998,249,10
13883,2674.48,32,142
14006,962.1899999999999,137,30
17268,763.64,129,6
13973,245.2,309,10
13113,11637.86,22,187
12733,362.15000000000003,256,21
15803,415.82000000000005,73,8
16550,2192.3700000000003,130,242
16761,316.62,118,13
12893,179.85,52,32
17053,463.08,152,12
12388,2524.9100000000003,37,89
13292,533.9399999999999,60,28
13846,849.7600000000001,46,54
16016,1383.7199999999998,25,218
12817,126.03999999999999,303,3
12981,372.2199999999999,51,20
16451,260.25,109,13
14292,3327.5299999999997,29,94
15204,316.58,379,9
13029,1231.0,52,9
13102,6229.389999999999,23,299
13139,4667.740000000001,38,164
14871,504.8,25,92
12633,1880.32,80,94
15899,33.6,390,2
17506,281.20000000000005,97,12
13804,2585.24,52,134
18118,4951.6,32,1133
16271,1212.2299999999998,37,122
17438,388.45000000000005,275,17
14386,142.4,318,7
13815,3420.62,44,162
13835,721.41,47,47
15506,970.5,44,160
13682,25.5,209,1
16098,1990.0300000000002,109,65
13148,3361.5699999999997,51,290
13187,221.8,359,32
15025,348.51,55,67
15108,999.85,163,53
16054,716.01,167,65
17007,823.13,72,49
13014,3264.7299999999996,32,101
15118,244.8,156,1
14201,700.2800000000001,82,33
17937,4301.22,30,43
13047,3125.79,78,166
13199,9802.119999999999,25,118
14609,601.5600000000001,94,4
15512,65.69999999999999,177,3
16184,1158.79,86,45
17647,133.06,87,7
14962,126.70000000000002,292,5
12497,921.6,103,12
13167,678.8800000000001,40,56
18061,1889.4900000000002,43,43
15288,2306.5200000000004,65,88
17920,4050.49,26,655
15136,1227.3999999999999,24,65
17126,860.58,174,224
12508,378.65000000000003,48,65
17027,812.94,100,135
14114,352.29999999999995,295,13
18035,700.7600000000001,57,51
15372,2007.4,159,27
14780,417.52000000000004,76,25
14709,4267.14,37,176
14473,234.34,96,7
17371,407.15000000000003,39,80
13708,277.08,293,45
16948,336.91999999999996,160,17
18077,2603.01,30,223
14975,279.94,79,11
16200,1017.83,26,169
13529,307.76,100,15
13265,2025.1599999999999,75,88
17769,3892.9799999999996,34,300
14651,630.98,89,96
14180,4239.92,32,211
15236,310.54999999999995,320,14
14676,2548.2400000000002,53,42
16009,977.1100000000001,44,88
13239,242.24,283,15
14068,225.45,342,21
14801,92.45,83,34
18016,1400.3600000000001,54,116
12924,925.7500000000001,110,29
16149,231.07999999999998,26,15
16905,2999.7799999999997,27,199
14467,576.06,39,88
16020,835.4099999999999,38,45
17414,778.0,65,6
17980,803.4000000000001,187,28
18135,681.9100000000001,51,20
17502,644.0999999999999,31,26
16795,386.80999999999995,387,59
15039,17400.17,31,1309
13767,16061.71,24,335
12569,2851.7400000000002,24,143
15251,10484.99,31,111
14882,589.7,48,11
12808,455.65,58,27
13078,11556.04,25,338
18092,7854.879999999999,24,78
17519,1741.77,39,76
16450,241.12,171,10
12697,757.59,50,38
16801,1341.9299999999998,185,68
13159,1304.31,30,108
14753,484.65000000000003,109,26
12456,2437.08,66,113
14586,191.99999999999997,298,15
16679,117.0,388,2
16257,21.95,198,1
16619,204.61,285,12
17432,365.76,40,48
15303,538.6199999999999,312,30
17874,562.53,207,30
18122,1548.69,30,317
17288,1383.5,31,134
13583,650.9100000000001,177,40
15554,217.2,299,14
14616,406.08000000000004,264,3
16105,326.46,270,12
17381,20275.61,30,109
16156,3053.92,30,126
13759,659.41,55,25
13904,332.64000000000004,59,26
17114,745.84,27,116
12662,3379.38,22,210
14396,443.84000000000003,87,69
17694,283.12,163,15
17836,37.82,69,16
13270,590.0,388,1
15452,464.38,51,51
14411,1063.0,332,14
16498,100.97000000000001,183,15
12684,2073.63,29,98
16680,183.7,65,10
14669,1167.16,263,153
13658,2552.17,31,104
15002,1411.4099999999999,137,104
14298,42865.3,30,1351
17354,1382.56,72,15
14125,2617.2700000000004,32,159
16924,700.3599999999999,43,69
16720,151.44,48,25
16811,547.0699999999999,26,28
17863,3114.4000000000005,81,146
16789,80.8,30,5
13644,2466.5,38,136
13814,1529.3200000000002,114,54
15551,408.60999999999996,58,25
17690,4588.57,52,245
13320,1522.6,100,104
12638,479.04999999999995,55,34
15038,515.1099999999999,80,99
18136,784.3299999999998,85,38
14208,141.23999999999998,116,9
14352,983.56,179,43
14064,1196.5499999999997,51,71
13716,112.30999999999999,291,16
16295,1241.03,31,73
16305,340.4199999999999,160,21
12679,868.02,80,40
18217,587.1,51,28
12619,2724.16,38,79
14660,275.08,108,28
17154,291.42,97,21
15330,509.03999999999996,54,8
16542,31.42,75,2
14837,1616.7399999999998,111,104
17157,301.96,29,11
14816,271.85,219,4
14944,5438.85,51,156
18191,187.39999999999998,283,6
13532,188.70999999999995,55,59
17723,3177.4,149,8
17548,103.3,255,5
17086,1771.1299999999999,29,89
15727,4942.21,38,291
17718,139.35,254,6
13889,416.9,114,15
15935,108.03999999999999,261,11
14459,1759.92,177,35
16899,1176.4099999999999,29,119
14013,473.02,132,34
15097,243.52,26,24
16385,416.87,82,52
17573,380.59999999999997,51,25
15398,1299.93,38,70
13827,396.46,79,87
17618,817.08,27,74
14037,145.95,198,27
12474,6548.63,39,392
16221,800.5700000000002,58,87
14567,1494.96,78,32
16126,5822.170000000001,51,107
13259,261.77,83,82
14346,758.12,142,43
15000,450.07,69,71
18123,563.4399999999999,46,33
15531,1810.7,30,205
15608,1073.78,50,59
16526,202.36,193,13
17094,301.99999999999994,344,14
16033,8468.44,27,1087
16482,167.64,37,14
16627,307.20000000000005,101,19
17890,509.28000000000003,344,72
15257,283.25,305,6
17470,978.01,66,66
15577,226.43,173,36
12384,371.61999999999995,50,22
12593,342.5999999999999,130,19
17602,4757.5599999999995,24,510
17076,831.18,58,24
15157,1705.3700000000003,25,108
16617,98.75,257,4
14825,2037.3500000000004,25,109
12718,169.4,93,16
12395,2645.78,41,141
17978,300.91999999999996,387,12
12430,216.4,65,10
18194,810.64,104,6
12515,243.0,375,13
17651,3703.2000000000003,33,218
16705,12482.99,22,251
13249,711.41,114,23
17211,2132.7200000000003,48,192
16657,903.49,31,196
15720,585.61,46,124
16496,1589.02,30,94
12539,5235.65,44,250
12971,10214.4,25,274
14027,104.82000000000002,82,6
14557,788.38,107,16
12811,409.35,283,25
13324,6585.999999999999,58,71
15621,919.23,26,9
15660,1580.06,47,89
16730,673.0099999999999,74,77
13911,2314.0099999999998,79,132
13637,751.6899999999999,74,92
15832,774.39,276,49
12701,721.03,101,50
15120,291.36999999999995,155,18
15897,188.94,216,19
13725,1852.53,71,95
16978,276.03000000000003,99,31
13002,120.94999999999999,340,7
12494,976.66,37,63
17859,146.95,326,24
15134,1246.39,36,68
17426,4753.860000000001,30,267
14504,564.18,69,91
13397,1441.9699999999998,94,36
15473,1771.2,36,11
16560,841.4100000000001,48,56
13090,8843.56,30,150
16012,1406.44,57,93
15749,28935.800000000003,257,6
18189,1039.54,99,65
13012,1644.1399999999999,31,88
15906,1550.1899999999996,41,148
17409,754.0,206,12
14022,373.1,247,24
17642,670.69,141,38
16655,3738.18,39,255
16782,2003.1000000000001,32,175
17100,936.9200000000001,40,62
16525,11007.43,24,159
13411,152.0,129,14
15301,4792.549999999999,72,230
16866,207.73999999999998,162,11
14711,2722.89,32,326
15246,473.95,260,31
13837,255.81,233,17
17880,458.91999999999996,386,26
14525,3323.59,41,268
14107,2369.15,73,115
16372,363.2999999999999,55,95
15643,588.1,213,30
15947,1350.24,104,27
16143,2170.84,25,101
16186,3963.4399999999996,44,215
14210,1676.47,127,87
16563,870.02,75,16
12447,411.99,265,24
16491,731.5,68,39
12471,17424.050000000003,24,439
16170,1809.1,72,121
17597,1968.72,235,53
15247,239.6,144,4
16364,707.0399999999998,33,53
17037,1246.5199999999998,109,74
14496,538.8100000000001,333,19
16112,195.74,165,16
15507,470.5,193,44
13481,1696.46,67,103
14523,138.91000000000003,130,8
13464,646.4800000000001,80,39
12510,779.1700000000001,164,29
17503,549.5999999999999,24,37
13365,2174.4700000000003,55,125
16556,3042.54,88,196
13062,346.98,213,11
12967,1368.4,393,15
14518,174.37,86,16
17348,1122.31,36,206
15239,716.9899999999999,32,46
16726,1308.0900000000001,48,173
16880,1503.63,52,174
14287,176.63,30,9
14301,640.1400000000001,139,13
13217,533.98,144,4
15223,755.75,247,20
12694,761.67,92,35
15410,3416.84,106,121
16509,363.70000000000005,318,13
17921,788.52,86,141
16241,2311.5200000000004,31,580
18281,80.82,202,7
18155,361.41999999999996,97,24
16424,133.56,213,5
18065,2078.73,27,122
17947,176.67999999999998,59,9
17594,883.5799999999999,107,46
13675,424.24,173,21
17631,464.68000000000006,23,33
13917,272.03999999999996,71,18
18080,1231.5,40,2
17081,270.86,47,61
13244,121.74,114,27
12952,1327.69,27,76
16024,226.07,34,56
18094,2674.9000000000005,103,64
12895,338.8,64,20
15411,1251.0900000000001,48,90
17691,257.7,380,17
14474,547.6600000000001,68,29
13880,3016.81,43,154
14502,2263.83,41,555
13992,76.8,52,5
13579,467.0400000000001,36,23
12556,545.0699999999999,72,109
13719,937.1999999999999,37,55
15550,534.47,26,57
12864,147.12,160,3
12966,141.58,31,9
17919,1304.0400000000002,110,23
15255,880.3499999999999,88,46
13706,330.79,324,20
13949,2337.1400000000003,24,153
12417,2936.0499999999997,25,163
18066,318.0,97,10
15104,971.01,218,65
12603,613.1999999999999,43,1
17580,175.48000000000002,274,35
15990,707.59,66,46
14782,200.10000000000002,341,6
14127,561.2099999999999,144,35
16598,135.15,307,9
12888,247.62,236,4
15448,494.64,334,28
13276,590.93,85,30
13081,25738.58,33,939
14067,343.41999999999996,85,45
15304,694.4000000000002,82,23
15172,1505.27,30,102
15579,314.98999999999995,90,44
14520,43.2,23,2
13787,309.04,97,31
16625,268.88,296,19
12990,123.5,53,5
13647,1660.4200000000003,31,78
14893,1036.32,31,60
15763,898.07,53,54
17284,1563.5,82,276
15603,48.480000000000004,100,2
16684,60156.600000000006,26,258
14850,325.75,333,21
15729,85.0,234,5
16059,1354.9099999999999,87,166
14351,51.0,186,1
16897,250.8,321,31
17881,84.55000000000001,326,5
15774,208.1,90,20
15985,1142.4199999999998,145,37
14776,2538.2999999999997,73,117
12759,1243.44,74,83
13816,394.31999999999994,45,21
12840,2625.07,165,107
13329,789.0,53,17
17368,1114.63,45,94
13801,276.90000000000003,88,20
13610,1035.95,34,207
14910,393.45000000000005,24,27
13723,199.85000000000002,239,6
12660,211.8,33,11
14171,310.61999999999995,120,50
13914,611.45,33,32
13694,52135.340000000004,25,450
16830,264.71,60,19
13717,1261.57,54,87
17520,480.10999999999996,75,27
17272,2148.6300000000006,64,114
13037,846.57,160,46
12513,547.79,134,33
12390,494.3400000000001,101,30
12916,2530.25,160,96
12426,508.22999999999996,216,28
15123,2120.4100000000003,29,101
14624,225.84999999999997,79,13
17153,192.98,46,13
14090,76.32000000000001,346,1
13192,868.7400000000001,117,60
15393,95.66,38,6
14014,386.5,99,28
16629,367.18,95,59
16652,6520.53,80,116
14004,4499.4400000000005,65,168
17542,141.3,291,21
13369,165.98000000000002,387,8
16754,2002.4,394,2
14108,558.4300000000001,52,32
16719,1570.13,36,175
13853,1090.1399999999999,79,23
14608,1588.1499999999999,26,17
14729,296.9,395,67
14085,4156.070000000001,24,407
15801,1000.15,68,60
12509,109.0,306,5
16359,1708.9199999999998,29,63
15987,1425.3100000000002,34,130
15721,492.68,33,86
12931,42055.96,43,82
14029,432.26,85,13
14693,152.25,286,6
18004,141.82,384,35
12940,859.74,76,90
13253,933.7999999999998,178,31
15101,259.0,30,6
14732,2606.85,30,139
15408,261.28,286,33
16829,197.22,178,11
12798,6977.04,32,8
14815,638.6999999999999,58,44
16078,79.2,305,1
15489,1134.28,44,50
12597,3066.3099999999995,41,191
13603,161.82,48,26
15886,100.29,82,9
17898,152.06,107,28
16447,247.01,157,34
12502,2740.67,117,125
15046,4932.2699999999995,31,192
12923,159.76999999999998,86,26
16425,292.2,324,20
16872,680.02,99,7
16366,270.90000000000003,40,15
17155,251.69999999999993,39,20
16587,214.94999999999996,254,12
14513,373.99,122,11
13606,249.93999999999997,51,42
14331,462.65999999999997,146,28
16099,669.4999999999998,72,37
14193,778.3900000000001,89,37
13962,169.55,43,11
12615,1980.1900000000003,24,95
14277,3928.7,37,211
17574,185.64999999999998,264,8
17128,94.89,356,10
13521,1048.92,23,410
15116,1287.9499999999998,39,42
17359,126.66,33,13
17562,1122.3799999999999,36,63
14373,76.55,380,4
17370,415.2799999999999,94,31
13328,1308.48,338,17
14873,519.6800000000001,232,28
17764,818.82,72,75
14387,1483.23,54,116
15923,107.18,394,16
15022,852.1899999999999,33,127
13225,4310.32,25,24
14323,598.34,136,35
12702,183.3,41,10
14772,139.26,134,9
14198,640.55,40,35
16142,505.3399999999999,271,35
15777,761.51,263,18
15607,100.2,358,11
16345,557.71,66,37
15460,174.89999999999998,376,44
12624,511.03000000000003,128,32
13359,389.55999999999995,85,22
13018,7088.799999999999,38,441
16313,260.47,25,15
14535,2652.38,82,306
18127,229.88,41,38
16102,1612.6799999999998,64,47
17405,1000.8699999999998,23,79
13421,1553.53,62,90
13370,754.8700000000001,393,39
17309,82.75,117,12
15925,207.14999999999998,216,12
16623,111.75,267,4
16214,1062.75,192,44
14335,439.78,38,58
13157,1741.2199999999998,71,87
14905,402.15,179,13
12854,1123.5300000000004,100,94
17218,1917.83,26,265
13491,985.31,73,66
16407,2014.38,34,161
14704,1455.9,41,393
17060,234.24,288,5
13052,278.6,234,16
17176,224.53,223,14
15472,365.71000000000004,135,73
17180,786.1500000000001,78,122
17191,1804.32,50,215
16393,2969.29,24,315
13110,1309.75,53,129
13269,4985.55,23,297
14541,827.7,190,89
18151,564.1,156,34
16693,450.35,90,53
13218,27.84,149,3
12921,14787.740000000002,31,654
14853,475.79999999999995,46,9
15521,2690.8,62,177
14020,591.8000000000001,38,37
17991,93.35,247,5
16778,245.94,96,16
13130,64.0,116,2
14498,1894.5,64,184
12968,101.14999999999999,134,4
17226,393.48999999999995,330,21
16883,221.63,209,26
17746,110.25000000000001,262,6
17663,1701.45,47,80
12949,3951.32,52,207
13339,730.2199999999999,222,45
15996,942.2300000000001,110,114
12576,1242.9699999999998,57,82
12644,477.90999999999997,151,31
14243,2317.76,30,125
13774,345.0,103,22
16850,304.21000000000004,355,17
13216,333.74,289,5
12531,125.22,36,17
13294,787.14,211,49
15850,232.6,41,94
12373,305.1,333,12
14096,48391.76,26,4558
15036,394.45,94,118
14442,1579.3200000000002,226,62
14306,2093.3199999999997,73,33
13584,79.35000000000001,328,20
16881,432.0,88,1
17747,71.4,134,1
17501,273.59999999999997,242,17
12953,246.15,31,13
18269,168.6,388,7
17652,4258.5,47,227
14379,257.15,66,35
16571,1255.26,48,77
12784,517.17,37,57
14413,122.7,384,23
14059,183.6,288,8
12407,1309.3,71,60
17080,287.62,44,8
13298,270.0,23,1
14317,508.58,86,24
18209,86.55000000000001,50,5
15969,666.0999999999999,24,20
18126,178.71000000000004,82,46
17848,818.62,103,42
13560,168.54,29,30
15797,1947.6000000000001,135,6
15004,1205.1799999999998,169,149
17838,2711.89,48,115
16469,582.6899999999999,45,162
18043,522.4200000000001,46,114
17549,148.86,45,6
15555,4506.54,34,834
15426,1308.86,41,259
17041,935.6200000000001,48,60
12381,1408.15,26,78
14016,3955.33,183,140
15674,1947.4900000000002,95,104
12564,367.35,283,18
17625,1636.0,40,266
13502,274.29999999999995,38,17
16769,350.88999999999993,282,37
14974,105.98,59,19
16265,4822.33,31,230
17977,260.9,51,17
18145,2735.9000000000005,34,213
13430,660.01,40,46
17758,3243.8100000000004,41,377
15098,39916.5,204,3
15606,2755.3099999999995,83,71
12991,503.76000000000005,45,31
14554,2281.0299999999997,32,202
17220,3010.25,46,442
13707,671.95,289,41
15030,423.48,93,6
13662,885.1600000000001,107,52
14128,604.8000000000001,82,44
15618,756.9500000000002,54,43
16114,135.75000000000003,192,8
17507,594.1999999999999,283,85
15545,275.57,76,76
17596,2489.1699999999996,45,240
17447,541.53,62,36
14619,394.43999999999994,267,20
14666,141.7,46,11
12363,552.0,131,23
15678,248.7,74,10
13782,810.4199999999997,34,102
13194,60.7,157,3
15307,131.9,117,8
17430,248.06000000000003,54,13
17860,183.60000000000002,390,48
13959,497.31,101,74
17287,989.36,48,110
17031,359.54999999999995,33,21
14690,326.05,66,43
15047,343.61999999999995,291,22
14978,1689.4700000000003,94,183
17358,335.55,325,49
16332,1281.33,50,135
13121,270.37999999999994,291,47
17897,545.35,194,107
13805,378.6,74,8
12438,2436.13,36,94
15405,349.1,211,8
13703,99.5,340,1
17068,4020.8200000000006,34,261
16052,353.21,76,33
15706,1026.26,85,53
15148,286.29,32,19
14264,333.97,176,17
14961,6964.03,32,308
13193,114.98000000000002,83,28
12823,1759.5,96,5
16639,1139.01,53,46
15308,292.77,296,18
16473,275.55,186,17
14154,1335.12,261,51
14233,1462.7200000000003,71,35
12583,6705.38,24,232
14420,387.52,121,29
18045,188.14999999999998,67,46
15160,132.95999999999998,379,3
12789,59.900000000000006,87,2
15831,677.77,80,64
15417,430.8,107,24
16253,3496.0,88,115
18053,264.62,92,19
14562,4863.57,25,408
16209,2215.64,110,43
16942,1809.8900000000003,34,264
16561,480.82000000000005,27,29
15524,440.0,46,1
15694,6038.4,22,72
16529,425.75,212,29
14354,145.74,27,7
17111,194.0,69,24
16287,52.68,191,3
17454,463.2400000000001,214,55
14422,3888.92,22,201
15299,3907.01,89,6
17446,120.90000000000002,198,9
16921,143.57999999999998,83,49
17795,308.49,201,40
15585,413.52,198,27
16403,147.6,334,8
14231,788.51,205,46
13986,320.46000000000004,39,13
17852,114.34,33,24
13740,257.39,262,17
13728,1000.2400000000001,58,62
14830,170.48000000000002,75,36
16478,320.91999999999996,47,16
17892,239.93,78,26
17203,3257.6299999999997,57,139
15683,193.75,139,10
14377,581.6499999999999,213,10
15610,70.86,73,4
16236,432.19999999999993,100,20
14105,1266.23,261,74
13494,138.51,333,9
17752,80.64,381,1
14548,163.2,172,2
17701,400.25,274,23
17999,298.88,59,75
17537,660.86,51,43
15657,30.0,44,1
18227,93.75,239,5
12521,545.68,164,37
14514,844.65,83,59
18202,1396.9900000000002,221,68
13452,590.0,281,2
16875,1850.23,89,100
16906,495.43,103,82
16849,94.11999999999999,208,6
13887,264.23,226,15
14834,1707.9,39,66
12627,3837.7700000000004,32,211
17855,208.97,394,17
15980,2338.86,110,42
16551,848.9500000000002,117,28
12374,589.03,47,31
13867,951.6899999999999,53,57
15277,255.89999999999998,68,12
13177,282.45,86,17
14355,174.4,387,11
12667,432.2300000000001,80,30
14237,161.00000000000003,395,9
14659,2217.1399999999994,30,228
12355,363.09999999999997,236,9
14536,164.14999999999998,281,17
13799,671.1600000000001,138,38
14958,485.88,169,40
18277,92.53,80,7
14687,508.37999999999994,128,14
12853,1936.3000000000002,156,77
16926,230.25000000000003,393,14
15081,241.6,44,16
14451,603.8700000000001,82,99
16081,2444.74,78,199
17243,6853.93,23,305
12394,1080.48,85,25
15478,1340.1199999999997,62,44
16856,35.400000000000006,36,2
13507,2294.15,25,149
18056,363.65,310,19
16871,2457.7799999999997,44,124
16022,541.6800000000001,282,67
17972,118.29,263,27
15589,441.03000000000003,277,27
16824,460.64,37,26
12602,153.12,80,12
13802,3920.04,160,50
15804,3960.6500000000005,22,245
15214,1491.58,23,97
16504,476.01,47,79
13238,536.9300000000001,39,23
13493,498.63,297,6
14600,358.62999999999994,327,23
13277,258.4,37,8
18120,86.04999999999998,236,13
12708,2294.4100000000003,54,136
17986,20.8,78,1
13549,838.0999999999999,47,47
14150,633.56,57,24
15485,2289.4,52,82
13680,2632.06,23,172
13859,192.30999999999997,348,27
13183,3932.5699999999997,29,89
15048,355.79,87,87
12610,1656.1899999999998,44,97
17581,9986.990000000002,22,407
14539,537.48,37,32
18149,520.18,237,13
14099,2621.7299999999996,38,222
17877,237.61,192,12
12592,401.6,114,16
18280,180.6,299,10
16144,175.2,268,1
18183,554.2700000000001,249,33
14315,2168.83,66,87
15449,959.52,48,59
13033,151.54999999999998,379,9
18050,44.4,381,3
15007,156.91000000000003,181,12
16494,748.37,318,45
18024,389.78,174,21
16759,758.49,29,40
16204,312.74000000000007,45,46
16353,6630.710000000001,25,93
18245,2361.44,29,158
15885,349.35,115,16
18265,771.21,94,44
16713,6720.14,40,596
13453,321.28,187,15
13985,6578.81,26,325
16250,389.44,283,24
15680,1270.5599999999997,31,75
14620,338.85,227,20
17302,1115.0300000000002,36,77
15948,934.24,30,58
16431,580.6100000000001,235,79
15199,909.0,81,6
15502,6011.53,37,196
16097,185.05,262,10
14587,1313.6,40,320
16734,594.41,74,50
17434,2180.3399999999997,24,124
17247,244.07,37,50
13348,223.55999999999997,86,13
15651,646.3,58,32
13927,253.39,96,17
17675,18532.88,23,670
15184,330.08,51,55
17341,721.0099999999999,178,166
12545,742.39,97,42
13899,388.52,38,19
12709,8726.720000000001,37,194
13669,218.55,72,9
12664,85.5,109,6
15360,427.92999999999995,61,13
14754,638.05,66,41
17895,86.61,66,14
15510,250.0,352,1
12873,374.0,304,4
14215,1716.1600000000003,33,102
17402,2590.8999999999996,26,57
13564,1128.4300000000003,376,76
13017,204.0,29,1
12429,3212.8400000000006,31,86
17101,1621.73,32,42
16457,190.66,240,8
14702,3208.9400000000005,23,332
15565,156.65999999999997,72,7
14794,1195.29,24,68
17091,3488.7100000000005,24,177
16207,373.98,47,18
17621,1362.1999999999998,43,25
15314,290.17,221,22
17459,631.63,65,106
17333,494.25,107,28
16036,607.7499999999998,109,37
14247,95.02000000000001,300,16
14040,3144.8500000000004,62,215
16284,823.97,53,109
12532,313.83,52,15
13939,455.36,45,32
15552,88.42,239,16
17864,568.55,34,97
17711,385.1,32,23
13534,4975.48,24,261
13587,712.4,85,8
14836,102.44999999999999,32,6
14383,1170.4099999999999,60,54
16764,2481.69,25,646
15855,682.2399999999999,158,78
14908,277.79999999999995,96,9
16674,306.92,76,95
16969,617.71,61,40
17700,2031.51,38,122
13242,208.00000000000003,134,10
14964,196.26000000000002,269,12
15227,1208.9,58,57
14589,39.75,393,3
15130,294.41,191,20
14642,96.12,80,2
15395,107.45000000000002,347,7
12670,2636.9500000000003,32,84
14148,157.2,255,3
15759,253.04000000000002,240,7
13136,2394.81,78,119
17389,29264.88,22,186
17297,121.70000000000003,39,45
17785,131.94,75,13
16413,240.39999999999998,78,29
14655,1702.6799999999998,30,44
12604,204.97999999999996,101,13
16297,284.20000000000005,290,19
15421,842.3599999999998,80,47
15615,9085.630000000001,32,382
16218,2945.16,51,76
14403,1305.35,152,18
16406,122.41,40,50
13817,328.97999999999996,51,22
17197,1013.01,51,29
13854,7962.400000000001,30,106
13186,1534.89,61,76
15944,325.1,298,6
15511,805.7800000000001,33,128
17219,114.23,53,25
15298,4632.8,24,183
13434,534.24,96,10
17678,298.11,285,16
17692,725.5799999999999,149,45
12410,533.3299999999999,330,25
15557,390.1,50,16
17958,406.4599999999999,138,4
15253,849.5999999999999,38,50
16493,1179.19,101,50
13752,1079.68,146,70
17858,4754.36,27,185
12816,394.4,117,25
16999,484.82,45,23
14375,218.27,207,61
14206,328.15999999999997,261,20
14419,997.01,32,199
15281,2159.54,80,128
17854,288.01,207,13
17461,710.2899999999998,44,102
15520,343.5,23,18
16324,357.2899999999999,150,101
14528,364.21999999999997,59,18
13107,1531.6200000000003,66,58
15988,158.03,41,27
17102,25.5,283,1
16971,326.1099999999999,60,36
12547,151.8,219,6
14041,87.0,288,16
14194,10740.14,26,546
14101,5976.790000000001,95,35
12520,2177.15,101,131
13923,351.13000000000005,75,20
18231,1908.82,214,111
13863,285.79999999999995,269,18
15733,162.3,304,10
13495,1810.99,29,42
16807,1100.79,164,66
17265,511.2600000000001,160,115
15668,76.32000000000001,239,1
17551,207.94999999999996,381,31
15432,171.19,45,10
12413,589.3,88,31
17765,371.88,180,57
15667,301.32000000000005,61,13
17408,32.65,185,2
15319,194.0,305,15
15344,563.9399999999999,22,26
16654,601.2699999999999,163,29
17463,1579.59,38,179
13166,417.20000000000005,305,41
13699,308.58,177,14
16007,1577.98,69,353
16399,391.46,41,66
14530,2698.16,47,199
16768,460.84000000000003,69,51
13994,2227.44,25,149
16965,133.24999999999997,248,11
12557,2633.84,38,22
15092,438.01,237,25
17229,252.20000000000002,118,43
17315,5781.98,23,417
17954,2143.58,27,445
18156,694.69,34,129
17325,96.8,302,6
13021,2441.2000000000003,26,125
17555,459.46000000000004,41,99
17684,239.41,65,15
16813,1403.21,30,361
17058,1169.3899999999999,103,61
18108,220.0,276,14
13043,516.4200000000001,295,13
16479,297.08,32,34
12421,516.74,37,35
13630,1576.2800000000002,27,57
16168,3379.600000000001,32,93
16086,847.29,81,30
12691,927.8,50,27
13954,399.92,23,23
14565,2674.07,117,114
17026,154.82999999999998,207,4
16940,2742.39,74,273
16205,736.26,52,91
16869,765.63,44,115
16416,992.9,48,68
12930,364.32,100,21
14152,522.05,97,42
14082,182.24999999999997,386,29
14092,3899.9100000000003,29,208
17812,669.1600000000001,34,131
17163,293.1,43,5
13428,212.20999999999998,32,69
17941,139.2,152,1
14439,2525.3999999999996,341,31
15830,540.0,59,36
16244,1200.3000000000002,233,72
12408,2538.4500000000003,54,96
14493,2163.15,29,108
14477,607.6000000000001,41,6
16745,7002.4000000000015,108,343
13422,2626.3,86,127
17162,1682.7599999999998,50,102
16611,129.49,208,10
14130,456.81000000000006,341,64
17346,2440.95,25,450
12886,1360.7,89,81
18044,2050.9,26,124
12346,77183.6,347,1
18276,335.8599999999999,65,14
17095,1124.1,44,59
17217,101.80000000000001,256,6
13668,5945.59,24,422
15129,3358.9,72,82
14075,942.26,26,43
12567,8071.03,44,417
17372,1015.58,62,215
16070,798.5000000000001,44,30
13016,759.8899999999999,95,45
15867,3176.7,27,392
14098,144.42000000000002,58,19
14345,91.97999999999999,60,5
15636,547.76,111,21
14824,898.9100000000001,32,25
13890,1789.8900000000003,23,102
14887,788.0,101,3
16690,225.57999999999996,94,12
15602,1277.2700000000002,30,44
13368,573.4,278,28
14184,452.89,88,24
15732,179.71999999999997,234,10
16505,777.6,53,4
13777,14730.239999999998,22,145
14141,915.1300000000001,24,40
18220,305.28000000000003,248,2
15861,2843.07,34,494
15695,374.58000000000004,288,20
14062,8722.67,31,97
15563,1213.1499999999999,44,101
15547,4291.0599999999995,29,586
13046,594.3100000000001,52,32
17317,2600.34,68,9
17429,459.6000000000001,150,31
12829,293.0,358,11
14901,1421.29,33,96
17677,14024.68,23,281
16015,650.6399999999999,25,164
16826,341.70000000000005,73,22
17278,188.24,263,13
17213,2392.38,62,139
15793,720.8100000000001,36,9
18224,129.55,285,8
12881,298.0,297,7
13173,241.22,26,31
15203,1670.92,47,131
14371,100.5,317,4
13784,2072.19,31,22
15051,1288.8300000000002,45,123
12445,17.4,44,1
12435,7829.890000000001,101,36
16266,861.47,95,60
15900,351.11000000000007,45,51
14050,705.98,53,51
16248,152.94,83,7
16103,1289.12,29,42
16108,827.4999999999999,106,47
14947,269.22,94,12
16706,444.85999999999996,59,100
15877,417.65999999999997,23,121
14897,1321.38,29,53
14344,620.9000000000002,149,55
13011,15.0,394,1
13952,2778.84,239,117
17489,376.63999999999993,80,29
12985,1160.6000000000001,22,71
13874,412.45,380,15
17024,95.85,67,3
14453,106.76,212,17
12838,636.96,55,115
16988,126.12,27,7
17624,843.48,36,50
15366,581.51,97,42
14102,1338.23,27,74
15769,34571.1,29,82
17521,723.21,51,45
13504,280.93000000000006,86,21
18005,225.19,25,56
15827,1784.79,95,112
17085,1463.73,145,174
15529,3709.38,44,605
13447,1061.9800000000002,45,54
13821,369.10999999999996,166,55
17716,5241.290000000001,44,236
17540,578.9,46,25
14499,732.72,48,181
15234,157.88,298,11
18130,994.79,37,66
17668,327.85,23,14
14087,173.75,24,59
13145,618.52,61,6
16344,101.10000000000001,180,2
15382,5863.41,36,298
12787,401.65999999999997,31,16
12743,500.84000000000003,156,115
18112,352.69000000000005,34,26
17238,3125.18,24,495
17025,346.37,82,8
14601,177.0,32,5
15348,158.04,94,9
15195,3861.0,24,1
16279,1365.48,43,98
14261,1132.0500000000002,72,49
17018,889.4999999999998,62,15
14664,589.8700000000001,41,85
14672,700.15,256,58
15174,119.2,344,9
13169,712.88,85,13
17254,252.29999999999995,26,95
16620,138.66,25,7
17173,3533.2,27,82
14855,645.65,141,20
14080,45.599999999999994,54,4
15361,358.9200000000001,383,5
12551,129.0,379,8
14740,1331.51,219,83
15146,1255.7600000000002,186,87
17835,340.66,24,57
15415,545.1099999999999,335,46
17388,1259.5600000000002,99,15
12866,467.92,305,23
12523,1677.9699999999998,41,100
12372,1164.5400000000004,93,46
15423,43.5,60,2
14764,218.3,68,4
13711,234.36,240,12
13196,1717.3300000000002,33,106
16222,818.82,340,133
15978,1039.28,99,46
14176,455.70000000000005,319,26
12833,390.94999999999993,167,22
13536,3439.79,23,178
16982,384.06,82,22
13819,1075.55,323,34
18210,2585.58,23,132
13045,263.68,121,17
14885,765.3199999999999,153,15
15009,1241.29,34,174
15681,1426.16,47,53
13808,1508.4000000000003,27,66
18188,1952.84,37,68
16023,678.2599999999999,68,92
15005,5513.36,37,973
16131,3283.3400000000006,73,74
14628,519.56,113,19
15671,2604.9300000000003,40,73
15228,3281.71,88,121
15332,1439.06,388,31
13901,2568.88,94,129
13398,457.34000000000003,214,26
14508,258.44,44,54
12673,505.61999999999995,27,34
18119,169.16999999999996,389,29
17314,2296.5899999999997,46,121
17796,696.25,62,81
13635,1020.63,89,60
15296,3126.1800000000003,72,161
16326,2720.01,27,285
18173,1900.9200000000005,108,29
16037,563.7200000000001,291,30
14497,459.77,331,28
15034,4170.17,37,380
17360,483.8900000000001,39,117
17789,225.9,303,14
17411,768.7399999999999,34,40
17686,5152.660000000001,29,258
14158,497.15999999999997,62,40
14868,2953.59,25,144
15363,310.1,394,15
18001,375.23,34,53
13352,328.18,82,22
16374,462.58,88,108
14224,1034.68,132,113
18110,181.85,41,34
17374,479.86999999999995,240,27
15219,242.0,198,4
12700,4315.83,29,250
16614,473.18999999999994,204,24
18037,62.07,176,18
16878,13.3,106,3
17693,193.51,159,15
13812,467.15,64,32
14415,5359.61,23,543
16912,2505.4800000000005,50,99
12516,835.98,99,18
16342,201.41,97,10
15341,1841.52,102,16
12609,898.9100000000001,100,52
17131,2208.79,27,118
12683,7286.77,26,318
12453,707.0899999999999,156,43
16172,1140.2100000000003,117,69
17262,1171.7600000000002,74,11
12714,4124.530000000001,31,242
15815,1945.98,85,43
13097,5373.03,54,392
17531,261.3,212,13
12732,218.26000000000005,201,11
15280,106.97,194,13
17731,1094.7099999999998,101,58
15114,2721.0199999999995,52,194
17052,390.65999999999997,50,87
17301,196.23,43,64
17911,314.24,31,33
16113,129.73,205,26
13040,661.99,30,42
18073,3706.52,136,67
12724,886.0099999999999,27,47
14409,1746.75,93,41
15750,2203.2200000000003,24,262
14220,617.3999999999999,269,20
15922,369.50000000000006,395,11
13885,457.40000000000003,211,25
13984,672.1100000000001,48,13
14142,311.81,395,22
15970,102.3,325,6
15530,1378.5500000000002,43,102
13471,2408.41,23,249
15230,342.00000000000006,262,20
14643,592.05,192,24
15469,503.1499999999999,72,23
15597,324.57,57,22
17841,36790.5,23,7097
15096,201.54000000000002,64,10
17062,517.39,335,66
16748,1172.8,39,56
15919,613.44,41,138
13932,307.4,316,16
13178,5377.67,48,245
16788,437.24,145,128
17968,207.57999999999996,395,69
13318,640.7600000000001,23,20
17082,1813.15,55,75
15266,119.30000000000001,360,6
16270,1105.8399999999997,375,52
14894,606.7500000000001,107,21
14012,263.4,299,9
18097,2372.0000000000005,29,91
16885,351.81000000000006,37,83
15766,289.55999999999995,86,10
16395,1372.66,82,191
12546,1021.5,68,67
16157,656.6899999999999,37,18
15066,893.59,75,42
16892,480.74000000000007,23,93
15222,585.0,340,5
12818,1182.08,283,13
15256,98.45,170,6
14450,453.13,202,38
18088,160.96999999999997,83,35
15722,1425.16,57,56
15537,99.52,185,20
16104,276.56000000000006,83,27
14472,1754.9900000000002,125,245
12641,145.9,137,9
14297,1271.3299999999997,39,60
15061,53771.76,25,385
16193,304.25000000000006,258,18
15687,2842.8500000000004,30,158
15353,753.2200000000001,276,61
13165,711.28,68,30
15598,202.17999999999995,75,12
13826,139.0,198,7
12710,973.7200000000003,118,71
12897,216.5,226,4
12689,1098.4099999999999,47,67
15940,35.8,333,1
13631,3070.42,121,11
12378,3794.3199999999997,151,206
17379,354.56,33,73
16128,1880.2199999999998,39,89
16441,381.2,89,24
14603,660.0,296,2
13311,519.07,26,21
18205,497.4600000000001,58,31
13657,382.14,32,16
16506,90.30000000000001,41,3
16106,93.38,87,5
14769,10179.09,24,1016
17097,910.55,24,197
13632,1778.29,46,120
13993,3050.76,64,107
14295,166.2,62,5
12890,373.32000000000005,46,80
18181,341.3,46,40
12566,276.65,108,16
14985,277.83000000000004,220,81
18048,172.29000000000002,225,7
13133,90.0,295,6
12857,1106.4,232,46
12989,6924.110000000001,25,64
17313,2151.42,53,20
16846,214.32000000000002,72,11
13458,8491.86,29,343
15812,1126.4400000000003,129,36
16233,536.68,93,22
13488,8351.210000000001,39,400
16161,5155.87,23,432
17242,935.8399999999999,130,36
16361,848.0699999999999,31,96
18099,161.59,149,17
14682,52.0,209,2
17623,521.25,54,32
14792,4.25,85,1
17457,1421.4399999999998,148,13
15475,454.10999999999996,99,29
17576,3346.0,30,384
14216,1695.0,25,54
16820,497.61,117,26
15272,645.45,79,53
12867,3826.89,48,502
15163,292.61999999999995,40,28
17174,40.4,239,3
16889,1552.77,216,131
15691,136.8,274,2
17666,652.3199999999999,25,16
14867,617.6999999999999,207,30
13634,1433.78,55,165
14124,419.58000000000004,106,5
13991,846.84,34,78
15609,258.4,206,14
13666,73.75000000000001,82,11
12963,1778.48,30,90
12613,2992.58,79,143
13220,808.79,100,20
13001,8918.18,26,291
15783,246.3,32,14
14506,1841.18,39,291
15467,524.88,31,52
14572,2577.4500000000003,25,242
15132,908.23,40,49
13055,1206.6100000000001,100,75
16520,995.3,208,145
13881,16977.84,25,175
15167,157.3,342,39
13651,79.2,61,5
16347,854.2,33,89
12995,211.32,107,3
12727,2960.15,32,119
12512,106.47000000000001,88,28
12653,2209.85,170,43
17117,116.19999999999999,310,9
14138,982.3800000000002,23,47
16842,1264.19,122,63
15329,998.9,61,54
13208,994.76,81,122
13134,1507.08,107,82
17680,175.89999999999998,45,10
15945,167.4,387,1
13435,3767.57,27,96
17383,190.53999999999996,26,49
16685,301.4,83,54
12688,4501.389999999999,135,152
15632,3265.33,37,165
12380,2191.5099999999998,43,88
17233,190.88,57,25
14710,592.52,36,132
15620,1533.38,78,99
16752,194.9,394,8
15468,467.51,73,24
16163,823.9000000000001,254,4
15185,165.08000000000004,92,13
14915,261.52,113,9
12530,1112.5300000000002,81,52
13224,2001.8799999999999,82,97
16945,3772.560000000001,43,220
15057,1489.5,297,25
17373,588.1700000000001,62,50
13101,101.19,256,8
16998,295.0,171,4
12405,1193.4100000000003,170,46
17386,2566.4200000000005,29,26
13210,338.48,115,21
14931,830.6800000000001,26,36
13512,182.05999999999997,282,11
16523,8445.04,23,260
13539,496.34000000000003,107,31
14145,594.0,68,2
16765,34.0,316,1
17777,619.4,46,176
13462,151.5,274,9
16839,14755.07,30,253
17152,257.4,216,8
14618,553.44,31,16
15117,1458.08,36,74
12386,401.9,359,10
14869,687.54,30,65
14280,129.0,218,7
17201,328.46,75,34
15758,188.25,46,8
13781,127.84,272,17
13137,3448.5099999999998,32,662
13503,206.35000000000002,93,16
12356,2406.6300000000006,44,55
15264,372.9400000000001,86,22
15068,527.71,68,100
13404,252.49,23,11
15505,2863.3999999999996,74,73
16121,798.03,79,201
15800,675.2499999999999,129,114
16281,1252.06,94,14
15346,232.67000000000002,354,16
17879,177.35999999999999,195,5
14039,152.2,55,6
18019,28.55,73,4
12442,144.06,25,11
17612,1634.79,75,119
16602,510.38,58,28
15630,1075.55,67,50
16510,248.10000000000002,394,13
15197,660.21,32,31
16851,342.45000000000005,26,20
12635,1439.22,111,94
17770,755.97,220,31
15582,649.51,46,42
12348,1437.24,97,27
16558,7784.47,22,417
18121,649.8,171,30
13185,71.4,289,1
14744,1074.7800000000002,38,25
14362,161.2,44,41
16256,752.4300000000002,288,13
13764,1354.9300000000003,92,186
14036,568.9,306,35
14284,530.3000000000001,52,28
13611,1135.59,111,70
12845,139.33999999999997,289,25
17931,381.40999999999997,156,59
13505,3225.0,94,187
13300,371.89,191,20
15826,1566.1100000000001,78,64
17509,5800.139999999999,79,345
18215,284.34000000000003,111,12
15663,126.24000000000001,128,8
12726,2411.1,50,117
14549,248.89000000000001,333,49
17022,50.2,53,6
15017,125.58000000000001,55,20
16383,532.06,96,78
15847,389.2699999999999,60,22
16816,397.74000000000007,125,26
14778,713.16,149,34
17255,272.18,62,71
14021,614.1999999999999,177,21
16076,2228.83,25,128
13358,350.90000000000003,290,25
14823,304.67999999999995,202,64
17926,382.2900000000001,155,20
14212,1070.48,111,9
15402,413.03,170,32
14712,854.19,51,18
18261,324.24,65,21
13229,160.95,247,10
16535,593.75,27,31
17772,150.81999999999996,32,46
15930,393.93,89,19
14242,204.85,256,12
15572,2511.69,26,211
13338,437.02000000000004,179,18
16987,1529.9,25,123
18086,101.33999999999999,296,7
17561,157.0,41,43
16215,242.35000000000002,102,14
14416,490.2200000000001,44,14
18096,793.9,33,177
16460,721.82,50,122
12377,1460.52,337,72
17733,652.89,60,32
13722,2256.01,153,81
18067,392.58000000000004,62,35
15497,1141.0,39,12
17786,229.67000000000002,107,56
13654,2414.33,65,149
14529,591.5799999999999,82,222
15053,696.29,26,69
13258,587.48,33,36
16094,1068.87,33,62
17719,5306.160000000001,59,267
13506,438.11999999999995,338,25
15819,1840.0500000000004,71,119
15205,604.19,107,32
13692,1477.82,46,52
13576,5972.72,32,109
16672,8134.94,24,114
17595,377.54,34,81
15275,605.0600000000001,59,40
12579,365.41999999999996,100,26
14757,402.8,97,18
13589,364.0,36,19
12436,330.91,121,13
16984,4074.51,110,364
16133,13947.519999999999,25,319
14550,740.4200000000001,32,46
14854,2581.4700000000003,100,118
15734,1180.7500000000002,136,20
16658,121.14,390,6
13334,3036.09,104,231
17222,274.70000000000005,87,24
17727,1034.15,37,64
14727,268.58,296,10
15841,1097.94,94,44
13451,2798.3799999999997,48,402
16910,1427.23,26,501
13865,501.56,80,30
14680,21379.74,47,215
12541,841.18,51,49
16178,197.9,160,8
15712,966.86,31,46
13468,4833.67,23,257
14199,185.39999999999998,240,2
17609,1002.6399999999999,62,207
16206,499.01,76,54
13003,131.2,127,5
17787,1621.6200000000001,174,120
15573,529.2800000000001,53,94
15891,333.71999999999997,248,41
16648,290.65999999999997,64,19
17593,3386.79,25,178
17339,213.36,116,7
15619,336.40000000000003,32,3
15143,259.45,247,14
15063,370.79999999999995,235,5
17329,316.25,36,24
13780,342.93000000000006,29,52
16017,184.37999999999997,69,26
14179,692.28,62,159
17567,4190.03,29,156
15576,868.3199999999999,59,41
16913,53.440000000000005,312,7
15881,470.75000000000006,334,24
12791,177.60000000000002,395,1
17282,1620.8600000000001,152,86
16589,423.84,93,31
15811,1995.73,44,118
16463,1412.44,43,81
17423,698.41,68,26
13313,1255.02,44,66
15392,1449.04,26,76
15059,1236.97,62,215
16386,260.89,50,74
12646,1214.1699999999998,26,41
15370,1508.18,81,69
14112,2657.3500000000004,44,148
13305,1828.0599999999997,26,74
12842,1021.04,92,32
14731,226.26000000000002,69,29
16777,184.80000000000004,102,47
17817,383.93,26,32
16430,275.35,79,5
16600,681.5799999999999,26,53
12450,197.88,178,8
13343,303.43,199,18
13951,643.25,198,37
17929,843.0,33,5
14139,415.81999999999994,68,26
15206,420.3,32,9
13844,361.62,33,20
13573,289.73,72,24
13649,286.40000000000003,278,19
13079,220.09999999999997,26,6
17250,335.9699999999999,25,51
16485,337.1,99,41
15659,256.95,65,10
16518,412.54,83,34
18142,1019.52,179,15
16570,3677.2,37,123
15834,2156.7700000000004,92,251
17653,1120.8799999999999,58,41
15178,21.0,282,2
12477,11165.470000000001,44,271
15099,245.93,106,15
12910,3066.5400000000004,45,74
14806,152.89,97,9
15399,785.17,23,47
16533,1008.7400000000001,41,161
15367,1723.39,79,88
15675,271.28999999999996,103,18
12560,1787.31,27,98
17885,184.31,34,61
15069,764.28,201,48
14217,1868.58,23,92
15245,2414.84,156,84
14636,572.6500000000001,58,26
13924,1766.73,23,112
13877,117.24000000000001,108,3
15158,401.4000000000001,67,7
17660,171.0,163,39
15159,16936.010000000002,23,614
15562,134.55,373,1
16322,316.54999999999995,23,36
13461,1237.0,60,23
17392,404.33,328,55
18223,5957.290000000001,26,249
12695,547.15,29,25
17528,3470.5400000000004,23,243
18008,2096.2900000000004,92,29
15992,41.989999999999995,25,3
16855,280.7,45,17
18177,1160.5,53,65
15973,307.82,388,4
16725,678.0799999999999,324,129
16357,658.88,55,34
17742,284.31,135,14
15462,234.6,116,11
14312,1506.19,68,81
15786,4767.699999999999,68,258
16903,372.82000000000005,51,59
15333,1028.56,230,16
16938,2438.88,30,214
17702,1515.01,52,65
16775,1626.9899999999998,32,149
15095,1370.6,125,47
14048,332.78,327,70
15033,2510.2,26,488
15286,174.15,71,2
15406,449.31000000000006,53,43
14054,92.46,87,6
12415,121265.98999999999,46,688
12976,712.5,233,20
12401,36.45,325,2
17571,1339.3400000000001,72,264
14841,2951.46,75,126
14457,113.64,332,4
12738,137.35,394,10
14174,125.21000000000001,55,22
15260,1700.67,122,73
16177,331.95,72,15
16573,645.9100000000001,106,41
18250,339.07000000000005,332,20
15725,392.86999999999995,37,30
15429,318.31,48,77
17843,133.78,325,27
14307,2811.22,110,169
17396,7312.8,61,26
17582,169.62,258,27
15427,1412.29,55,280
12639,318.6,260,18
14803,799.18,184,32
14820,507.28999999999996,43,29
13709,6018.549999999999,25,314
18082,661.2899999999998,47,68
15611,1542.2500000000002,31,39
16461,145.92,199,31
17063,1253.4399999999998,43,69
17584,1122.3000000000002,29,34
17122,138.32,141,7
16893,105.38,388,37
15762,568.1500000000001,87,36
13979,849.0699999999998,95,53
12716,933.19,25,64
17158,1238.77,54,65
15764,3236.62,110,177
13618,163.66,195,12
17069,2390.1099999999997,50,128
15581,622.03,178,130
14057,6175.109999999999,45,278
17075,682.21,39,59
15787,947.6300000000001,48,205
16919,2351.8300000000004,178,288
17034,730.5200000000001,38,29
16670,3629.16,52,224
12947,1537.3899999999999,165,93
12352,1373.2400000000005,58,76
13482,166.79000000000002,254,10
14903,2667.36,43,330
12748,29279.34,22,4139
17428,16172.05,22,307
17105,616.5799999999998,181,82
16743,2207.7400000000002,51,183
17712,410.71000000000004,66,26
14348,409.57,282,18
13546,593.6400000000001,34,88
16634,191.89999999999998,244,8
15164,822.5000000000001,90,100
16729,6762.21,60,572
13271,208.49999999999997,59,84
12837,134.1,195,12
15853,110.80000000000001,73,30
16596,232.45,37,11
17431,372.70000000000005,335,42
17444,2013.22,173,111
16907,945.2900000000001,51,144
13144,110.94999999999999,354,3
13483,140.34,87,10
12740,427.59999999999997,85,27
16107,2737.96,39,27
14902,299.46000000000004,47,18
13508,100.52000000000001,265,9
16532,6748.8,39,4
18274,160.92,52,10
17613,3975.5,44,272
15916,1154.0800000000002,38,121
17498,221.22000000000003,97,14
17913,391.34999999999997,80,55
15840,348.59999999999997,80,26
15898,1185.76,23,72
14088,46767.200000000004,32,538
13467,1016.06,32,90
17615,309.70000000000005,152,13
14960,153.76999999999998,30,26
12936,1061.8,39,61
12723,697.59,25,67
15243,250.78000000000003,96,18
15498,11992.96,24,464
15436,1084.73,34,315
15149,503.09999999999997,155,22
14117,90.0,165,3
12750,224.7,150,13
18259,2248.6000000000004,46,41
14670,346.71000000000004,302,114
16996,1333.0600000000002,52,33
18068,101.69999999999999,311,1
14692,582.7,159,67
16415,202.42,66,48
15912,189.97,200,12
12970,400.02,29,145
13946,306.57,101,9
17578,143.45999999999998,240,5
16389,1382.0699999999997,75,34
12492,201.41000000000003,85,16
15052,129.98000000000002,341,28
14476,180.55,279,17
16255,2555.7400000000002,38,253
13523,3866.78,55,169
13742,2940.0200000000004,38,304
16834,413.46000000000004,249,24
12950,1560.8,24,19
17856,1379.0300000000002,23,14
17925,244.08,394,1
17038,112.40000000000002,52,22
15747,875.9199999999998,34,86
17749,639.12,200,33
16566,527.96,37,16
15050,1664.79,47,74
13978,195.94,36,14
14196,172.32,128,5
14957,56.75,275,11
15058,2014.7400000000002,47,258
13384,4077.7299999999996,52,149
15976,390.46999999999997,187,85
13098,27704.239999999998,23,557
14789,166.44,50,5
17375,323.78,221,52
17633,1292.64,53,68
12375,286.1,32,12
16626,4305.68,22,173
13828,209.49000000000004,44,15
14055,725.6400000000001,128,10
15089,2067.43,32,118
12449,3447.69,44,174
14621,1691.48,23,88
18240,89.88,68,3
16019,3322.74,68,135
16160,1025.44,87,20
16805,359.26,195,78
13354,730.0900000000001,93,49
15270,1345.6899999999998,37,31
15349,436.05999999999995,180,64
13015,3265.73,75,171
15249,6206.1,53,321
15669,684.34,62,33
16744,1145.5900000000001,33,214
13322,131.86,39,20
15380,1382.66,30,30
17188,2389.7299999999996,33,79
13044,560.47,313,33
17244,683.31,75,24
13366,56.160000000000004,72,1
14368,155.0,341,8
16150,1873.89,64,107
15093,4576.859999999999,40,107
14205,429.90000000000003,38,22
17793,303.24,47,52
17535,164.39999999999998,302,13
17538,98.42,47,9
12822,948.8800000000002,92,46
14570,82.47,302,17
17109,809.1800000000001,51,97
16119,423.36,30,16
16426,1743.0,24,348
16249,1703.77,74,64
13955,303.15999999999997,176,32
14688,5075.93,29,292
16621,781.6800000000001,73,26
17896,256.32,45,2
17628,59.400000000000006,103,4
16065,325.14,387,67
15193,499.31999999999994,82,19
14798,156.04000000000002,74,11
12640,994.58,45,50
12507,1052.81,156,19
12790,294.9200000000001,214,20
12552,279.57,61,16
14414,1045.52,113,68
17221,313.59000000000003,29,58
15516,62.43,66,15
17298,291.33000000000004,123,21
14936,7548.470000000001,55,338
14143,115.8,155,7
17511,80952.39000000001,24,886
15810,1272.22,100,82
12957,3826.59,31,225
16475,456.70000000000005,110,22
15088,1094.02,43,54
17517,153.94,330,11
16387,79.36,344,3
15140,2258.2500000000005,74,77
17377,3631.92,45,358
15263,80.31,128,7
17382,65.4,87,2
12464,957.0499999999998,32,22
14865,37.2,394,3
16612,1027.06,54,57
13735,2752.289999999999,46,189
15107,269.15,333,13
17707,152.39999999999998,207,5
16678,3049.6,24,160
18228,764.54,78,29
12928,1872.5,57,75
13072,177.14999999999998,288,7
17967,108.57,393,45
12685,2407.37,50,143
15443,3127.82,23,368
12571,511.80999999999995,61,33
12904,485.1499999999999,40,67
14173,407.94000000000005,32,27
18106,349.1,351,38
17293,1680.26,30,119
15918,329.15000000000003,212,38
14517,300.25,55,16
14585,157.05,72,29
17914,320.53,25,78
14421,715.01,79,25
17083,895.28,131,42
13336,795.1200000000001,99,51
16932,128.79,75,42
13510,1649.46,23,106
14762,290.02,285,20
12977,36.9,178,6
16185,513.81,38,30
15115,322.40999999999997,40,20
16316,2780.67,86,142
18218,535.9000000000001,233,14
17194,218.88,382,23
15737,1148.4599999999998,36,68
17279,105.43,79,7
13390,544.08,96,13
13069,4049.71,22,379
16319,404.40000000000003,239,3
16638,1448.03,44,77
15044,6913.83,41,412
12441,117.30000000000001,388,8
13394,2385.1100000000006,23,142
17664,579.1400000000001,40,41
15883,374.73,24,44
16380,1762.04,83,28
14935,1784.71,319,10
13715,913.7099999999999,303,86
17357,380.21,46,42
17655,2459.410000000001,32,85
13243,485.98,225,50
15355,140.20000000000002,51,7
13262,200.29,285,11
13519,122.75,100,8
12939,8410.12,86,34
16258,5072.51,67,130
15074,748.87,127,42
14966,164.75,36,34
14071,1372.77,25,293
13350,836.8199999999999,38,35
12498,349.7,43,21
13278,527.88,62,44
16349,53.5,312,9
16232,798.5799999999999,65,31
16572,956.5000000000001,149,55
18185,304.25,271,17
14389,877.0600000000001,87,40
15937,145.35,86,7
14320,386.93999999999994,228,27
15026,400.76,102,53
16321,355.95000000000005,94,11
15396,288.17999999999995,134,14
15201,1052.2400000000002,109,61
16950,893.5600000000001,78,37
12383,1498.3600000000004,206,87
16609,4881.93,37,246
15287,382.43999999999994,44,15
14737,1139.55,25,16
15180,87.5,389,6
16120,1094.49,81,24
12431,5896.75,57,209
15416,3758.3199999999997,86,180
17869,372.44,129,34
13868,3047.7700000000004,29,24
13065,188.15999999999997,395,13
16697,98.0,263,19
13967,45.0,167,1
17974,695.8400000000001,46,168
16887,129.03000000000003,57,31
16757,106.83,340,7
16656,5255.96,44,62
14441,1571.0900000000004,22,47
18125,986.59,51,167
14038,1415.9799999999998,100,84
15664,386.43,72,17
16723,589.1499999999999,113,43
12672,206.4,351,9
17406,1959.43,355,97
16536,520.77,132,53
14340,134.7,240,6
16709,3012.1700000000005,106,78
14968,134.59,52,35
16610,36.36,241,3
13005,495.84999999999997,195,25
15522,366.64,54,51
16247,114.56,192,16
12764,1663.58,338,43
17768,2239.3600000000006,30,103
17263,57.540000000000006,230,22
16438,443.0,27,80
17811,7320.74,26,783
15397,94.0,311,6
13419,168.95999999999998,85,13
13599,4486.870000000001,23,220
17639,108.5,298,7
13340,10380.079999999998,67,127
13670,349.7,97,25
17410,1214.72,38,64
16686,2746.15,69,525
12423,1422.2700000000002,22,99
14770,787.9200000000001,254,48
14532,832.05,258,58
16230,429.83000000000004,211,29
18198,5390.160000000001,26,158
15703,211.5,286,5
14271,81.78,247,7
17960,73.78,193,26
12522,156.72000000000003,61,10
14081,852.02,324,134
15673,2845.62,110,154
14488,1034.2800000000002,89,44
16968,423.63000000000005,26,30
12587,104.0,29,3
13207,72.66,37,4
17253,152.35999999999999,40,15
15194,6788.540000000001,25,277
12797,154.63000000000002,387,10
16235,784.5,62,41
14652,77.37,99,19
12418,635.88,134,33
16427,240.21999999999997,285,8
17468,137.0,32,5
12794,706.1999999999999,75,35
16616,500.42,37,33
17923,207.50000000000003,304,1
14489,400.98,229,27
17334,307.02000000000004,324,11
15238,1042.5300000000002,51,48
16986,62.400000000000006,52,1
15540,186.28000000000003,33,11
15212,101.79999999999998,263,5
13590,1485.2399999999998,33,73
15139,178.96,261,13
12686,71.14,393,6
15350,115.65,395,5
14146,4117.32,30,204
15450,398.44000000000005,52,27
16333,26626.8,29,45
12830,6814.640000000001,59,38
15342,373.3299999999999,151,22
15640,11492.48,26,459
14332,842.46,44,24
14239,2120.2500000000005,65,99
16422,26477.04,39,324
13736,689.6599999999999,27,167
16202,355.07,382,17
17443,534.24,241,1
15031,608.7400000000001,26,103
12428,5145.900000000001,47,233
16793,243.84,79,16
13778,124.19999999999999,125,7
16339,109.95000000000002,306,20
14720,656.0100000000001,27,36
15186,359.01000000000005,36,17
15544,2822.19,31,225
12488,1198.46,31,51
12647,2703.31,44,92
14311,279.81,264,18
13732,370.44000000000005,50,26
16770,668.4200000000001,79,135
13673,396.91999999999996,40,65
12871,135.83999999999997,106,9
15435,147.59000000000003,44,28
13790,261.8,26,21
12491,424.40000000000003,60,25
18169,202.65,82,9
17962,85.92999999999999,164,29
12649,546.11,129,28
17236,914.1800000000001,34,104
13232,1247.8000000000002,34,191
18196,626.6,117,122
17738,1738.55,41,89
17001,3541.0699999999997,22,157
12457,1585.58,108,54
18211,600.07,47,42
12489,289.03000000000003,358,13
14222,604.9699999999999,199,36
15493,1816.3500000000001,54,263
15724,218.25,223,11
15950,1511.87,53,87
16792,97.75000000000001,304,10
17951,1008.5400000000003,61,20
12493,379.74,187,20
15065,3072.23,59,151
17088,1778.1599999999999,50,103
15322,616.22,107,37
12550,705.3399999999999,101,48
12669,1366.53,172,93
17832,114.99000000000001,71,36
14135,4384.91,23,120
12648,234.15,176,16
17415,507.8399999999999,101,14
13382,189.39000000000004,302,13
13077,481.28999999999996,23,86
13860,1210.5000000000002,23,74
16810,309.53999999999996,214,15
17508,313.51,302,17
13115,2040.88,33,106
13485,454.24,255,23
14342,668.5600000000002,43,21
17510,308.48,46,20
13212,723.63,41,125
17453,486.71999999999997,39,19
13937,158.85,191,9
16717,3536.98,45,185
16462,136.0,95,3
18222,407.6,114,18
15864,1936.3200000000004,44,20
16330,244.86999999999998,39,35
18216,413.65000000000003,53,22
17634,2193.73,58,267
14214,807.88,52,56
13555,3992.03,95,129
13596,692.8900000000001,27,165
18229,6718.16,33,156
13246,1785.88,40,125
12361,174.89999999999998,309,9
15821,551.21,66,59
13655,932.97,136,56
13850,1533.0800000000002,151,90
17957,107.77,88,29
12642,875.2599999999999,47,42
14052,222.85999999999996,41,55
15971,3162.7999999999997,74,25
16348,1422.1100000000001,54,227
15518,1901.75,86,208
15010,308.94,57,20
13260,557.62,83,8
12558,228.76,29,9
18225,4779.460000000001,25,243
14581,138.6,38,17
13884,684.7500000000001,29,52
17175,1428.6900000000003,66,62
15649,816.0,358,2
17343,182.39,377,15
14916,1218.18,92,75
14689,96.15,230,10
12680,790.8100000000001,22,49
15977,978.23,39,59
14357,215.63000000000002,65,39
14051,11324.89,22,183
14462,1843.8600000000001,88,217
12612,68.03999999999999,96,4
17757,5495.1900000000005,23,718
12775,1061.64,39,51
13477,1414.68,59,77
14546,2307.41,27,363
15345,375.84,67,19
14860,170.32,41,11
16549,3885.5,32,923
13416,474.5,65,13
12872,511.87,348,62
14684,1146.54,47,391
16818,3158.91,32,177
16212,690.3399999999999,41,41
12770,1268.9499999999998,232,11
13629,2506.3599999999997,45,34
16169,1741.73,30,80
15381,282.3,290,7
14747,310.5,271,17
12826,1404.22,24,88
14388,2992.1800000000003,32,175
13330,1140.93,114,53
16966,2154.9700000000003,30,28
17321,695.01,30,105
17644,2760.3999999999996,23,143
12412,1091.67,96,54
12365,283.93999999999994,313,19
14129,1123.8600000000001,23,52
15447,155.17,352,9
15689,241.5,141,8
13704,2113.7599999999993,27,119
16584,936.0799999999998,102,28
14238,138.15,348,7
16715,210.04,100,17
17928,108.80999999999999,67,20
17050,2864.2699999999995,118,277
12462,907.39,40,58
14401,3493.62,26,151
15504,45.07,103,10
16758,369.34000000000003,87,22
15880,291.08000000000004,391,88
17674,551.0400000000001,96,27
12572,880.0799999999998,30,54
16696,657.9000000000001,157,10
14527,7791.65,24,880
13304,229.62,373,17
16414,126.25,43,7
17349,109.5,201,8
12578,2355.31,43,109
12951,1010.1700000000002,30,59
18009,212.73999999999998,257,28
13563,738.48,106,43
17979,706.18,57,135
12433,12542.25,22,390
16753,199.48,80,29
17706,9616.61,26,350
14952,7434.129999999997,81,126
17673,1557.01,23,212
15612,156.9,58,4
17589,2283.48,82,241
13989,1173.92,87,40
15187,4711.78,23,88
14515,1992.86,39,92
16229,993.05,109,45
13791,1337.0,149,10
14438,112.4,328,8
15358,7843.17,26,513
16419,933.6500000000001,134,48
13223,62.4,222,4
17442,2207.7599999999998,58,133
12425,727.3599999999999,100,33
14863,266.76,51,11
15676,3207.41,40,191
13809,125.55,327,10
16497,2965.69,71,136
12935,2036.0000000000002,24,121
14232,1866.66,64,102
15599,668.6800000000001,48,45
12855,38.1,394,3
13689,731.0,85,5
14321,1400.0700000000002,32,114
14356,685.63,101,32
13247,464.81999999999994,39,22
16936,204.58,47,53
14547,3587.79,25,316
14049,5516.38,38,465
15067,1729.1599999999999,100,81
17042,1005.3800000000001,24,93
13455,973.9399999999999,46,42
13650,1712.14,38,91
13474,189.59999999999997,258,51
13747,79.6,395,1
12565,145.92000000000002,310,9
13614,1556.31,46,186
16595,329.79,83,79
16659,39.12,211,2
13268,2928.0299999999997,39,408
15872,345.64000000000004,36,118
17658,464.13999999999993,47,14
12757,4003.95,37,350
13517,1833.5900000000001,81,121
16242,3440.9,30,283
14382,525.14,48,112
15156,951.4099999999999,23,54
15843,93.45,325,6
12591,368.84999999999997,339,25
12712,2787.0499999999993,50,95
17092,1735.2799999999997,72,120
17708,267.08000000000004,209,35
18104,746.8400000000001,59,37
18030,230.64999999999998,26,9
14440,1805.48,30,41
17636,285.55999999999995,41,20
17266,304.73999999999995,24,77
14730,1840.48,23,464
12500,3923.62,45,47
17515,632.26,53,85
12827,375.04999999999995,27,21
16607,3189.23,39,159
16135,517.5500000000001,284,21
17722,2211.31,118,102
15365,2235.42,47,108
16771,1862.0500000000002,55,216
16647,209.38,191,13
15312,667.9500000000002,97,38
15894,244.39999999999998,275,36
15152,4584.790000000001,31,259
17324,882.23,39,48
13577,1401.2,47,72
18010,174.79999999999998,278,14
14907,3278.3,25,155
16456,1417.25,121,88
18232,573.17,103,36
18022,647.5999999999999,57,181
13155,898.46,55,77
14765,243.61,51,38
15533,752.03,41,73
17600,145.73000000000002,39,10
17147,1625.5400000000002,44,75
13639,1033.3400000000001,96,40
14569,218.98999999999998,23,10
14932,313.53,387,16
18278,173.89999999999998,95,9
17455,131.7,225,8
17894,898.67,93,151
17783,258.38,94,61
13569,328.0499999999999,39,76
13008,229.47000000000003,345,14
12792,344.53999999999996,278,24
14289,872.5600000000001,30,44
16985,4081.7599999999998,39,107
18252,432.69000000000005,72,80
15622,3530.06,65,175
16306,632.27,235,41
13918,1212.8400000000004,71,30
17290,474.02,25,85
14698,1194.53,23,198
17946,135.23,255,18
16292,284.4,143,16
16440,3505.05,29,272
13235,972.6700000000001,234,54
13533,247.26999999999998,204,69
14093,416.78,34,97
18221,902.9299999999998,44,55
12756,112.08000000000001,108,4
12538,363.95,51,21
14286,4435.610000000001,45,264
16216,825.4300000000001,289,32
15822,885.4699999999999,25,33
14866,13983.25,32,95
17550,212.29,219,29
13310,990.73,50,63
12821,92.72,236,6
15952,716.4800000000001,55,72
12728,650.63,93,38
14880,690.59,99,46
14553,828.6200000000001,41,110
12399,1018.6500000000001,141,54
17867,605.1700000000001,52,72
16029,65153.48999999999,60,203
16378,362.9500000000001,269,23
13659,1349.79,227,91
15119,213.85,267,12
16593,235.75,72,23
13032,1010.1800000000002,74,71
12878,786.79,258,42
13363,892.5,39,58
13221,654.0,262,47
18159,530.1500000000001,323,23
17761,712.78,54,19
13284,171.64000000000001,352,11
13323,736.8499999999999,25,18
15753,79.2,326,1
14299,3809.62,30,137
16767,5508.119999999999,52,218
13623,619.78,52,62
15373,2375.92,30,129
13926,180.80000000000004,45,9
17320,1125.4699999999998,122,70
15634,243.55,39,15
14817,844.06,222,51
13727,333.48,50,20
14353,90.6,237,6
13568,174.79999999999998,195,40
14657,778.73,39,113
16162,37.4,274,2
12681,12122.279999999999,36,601
14390,3939.6099999999997,32,238
13028,439.41999999999996,44,31
13441,296.64000000000004,113,13
13450,2033.2199999999998,48,70
17073,1386.26,39,166
13325,675.3,103,12
14428,1183.94,29,137
14578,129.21,25,20
13093,7084.119999999999,297,149
17232,421.52,24,36
16062,1153.62,31,64
17878,298.51,65,23
18270,244.89999999999998,60,10
14665,1616.2399999999998,82,81
17187,203.95,248,10
13870,2664.5900000000006,24,111
17481,1198.5800000000002,25,78
15318,312.62,25,33
14971,1034.0600000000002,57,138
16511,902.76,43,162
18102,253922.76,22,423
14924,301.3,267,9
17425,721.37,41,41
15882,349.0799999999999,220,17
12828,914.16,24,47
17534,223.36,75,9
15422,97.7,345,6
12772,673.9699999999999,81,50
15276,135.31,88,52
17464,189.05999999999997,180,6
15271,2349.4100000000003,29,260
15844,130.73999999999998,68,11
15019,226.61999999999998,288,57
14813,139.33,391,24
14056,8137.2,23,1089
15806,751.88,68,29
14060,5947.72,26,194
18260,2461.8500000000004,194,123
17331,175.2,145,1
15105,2227.83,40,96
14290,2096.6400000000003,33,93
17799,2675.6,44,361
14522,894.2399999999999,46,14
16401,4065.6199999999994,23,184
12631,428.20000000000005,79,28
13414,1372.65,155,23
14673,1725.0,25,73
17169,701.3800000000001,79,46
18179,1746.9700000000003,31,86
17556,157.9,227,6
14840,62.85,289,4
16689,351.8,97,11
15839,1024.65,55,59
15628,2571.44,26,144
15836,137.37,72,10
12484,3439.51,57,291
13705,711.86,29,28
15440,372.46000000000004,76,59
17049,5172.62,24,294
14505,5130.5,39,704
15820,169.3,341,14
12736,144.0,354,3
16423,346.12,46,18
12623,249.60000000000002,298,16
13758,2978.2,33,112
13971,2605.2000000000003,40,139
18058,81.6,31,1
16949,1227.47,25,53
16363,109.36000000000001,75,5
14329,4855.74,39,252
15679,627.5100000000001,46,87
14756,738.9599999999998,37,38
14622,239.28000000000006,206,15
15874,3937.61,85,108
15592,388.58,68,24
16227,219.42000000000002,247,4
13489,427.91999999999996,127,12
18105,78.08000000000001,59,17
13168,991.2800000000001,58,107
18180,1656.9,26,108
15267,1717.36,44,11
12611,1133.1000000000001,74,61
13373,3141.8700000000003,82,150
12762,1702.5200000000002,29,67
17144,950.57,23,46
13426,3562.8199999999997,22,154
17886,861.7199999999999,53,105
15434,964.28,30,50
15994,427.07000000000005,76,35
16714,1101.53,339,88
13953,3354.88,29,13
13934,901.8,285,30
16711,1139.83,25,20
12391,420.41,43,96
12476,5645.48,37,212
17824,298.4,73,13
12802,341.84,208,21
13492,1269.84,158,50
14722,182.01999999999998,169,28
16179,215.83,82,11
17579,421.15,26,45
16181,284.74,95,10
15641,1726.9799999999998,127,105
13499,1080.21,39,40
14349,121.45000000000002,32,29
18033,85.89000000000001,87,31
16384,532.0,111,30
13094,1821.12,43,22
17040,439.22999999999996,159,14
18263,1001.92,47,50
12651,85.95,356,7
15790,220.85,32,35
17440,186.42,178,5
14359,897.1800000000001,41,54
17115,726.02,30,34
16930,333.98,48,48
16774,586.25,89,42
16210,20567.32,23,112
15757,714.4200000000001,87,45
12734,93.6,374,2
13980,200.14000000000001,82,11
17603,394.71999999999997,100,11
13851,2616.06,117,80
15458,108.24,47,5
16952,164.67000000000002,131,14
13213,1455.78,78,85
12432,3242.12,64,94
14623,779.6700000000001,54,115
17695,707.54,153,33
15984,2629.5200000000004,24,254
13941,4843.68,43,40
13823,869.4599999999999,40,37
16343,370.47999999999996,38,47
18239,1412.4800000000002,240,79
17735,12400.7,24,655
12868,1497.8200000000002,207,98
17936,383.94,27,75
18158,432.6,31,33
16727,242.56999999999994,386,39
15604,216.39,74,17
13737,291.78000000000003,222,24
15208,853.62,23,41
13058,173.29999999999998,46,4
13141,2055.1499999999996,106,125
14159,4100.39,41,1060
17376,164.7,92,19
16464,1240.74,41,224
18116,1004.8000000000001,89,278
14304,383.45000000000005,244,17
15379,3301.54,191,177
15708,3002.04,62,264
18041,3762.9799999999996,33,429
13476,1167.22,200,54
16898,478.4699999999999,48,148
13171,463.40999999999997,43,44
14561,1021.76,97,64
13429,962.24,32,64
16613,566.19,92,28
13189,210.16,40,24
12885,1175.2199999999998,85,71
15087,306.94,303,15
15738,3087.72,40,132
12534,869.97,152,54
16603,472.07000000000005,96,33
14503,3353.1200000000003,25,154
13174,2549.56,38,280
16449,697.49,219,39
17566,869.11,30,148
17119,569.11,25,33
12524,3756.7200000000003,31,132
15856,13607.39,26,557
17871,122.7,226,8
14920,927.67,234,54
17078,293.79,58,17
17303,232.59,383,46
16918,871.74,85,112
15311,51430.100000000006,22,2044
16147,336.5,155,20
16213,159.0,100,6
18257,2207.7800000000007,61,111
15394,1802.44,31,72
13162,1284.02,144,61
14149,345.40000000000003,242,22
13267,4331.29,24,202
15471,382.21000000000004,24,72
16861,131.76,81,4
14188,1817.66,52,59
16083,1189.8200000000002,122,26
13960,230.22,43,12
13969,8743.810000000001,29,588
12527,189.59,103,12
17251,197.78,384,26
17496,235.65000000000003,380,9
14755,4738.880000000001,31,224
17572,206.85000000000002,93,11
14859,1249.7399999999998,34,55
18160,588.36,79,36
13858,216.17000000000002,79,11
15252,600.6800000000001,58,38
15457,207.47,284,54
17564,445.51,46,48
15754,428.57,73,26
14847,235.5,170,11
16159,315.00000000000006,303,12
17611,3549.48,29,493
15746,173.25,156,22
13522,125.80000000000001,52,5
14336,1509.89,38,83
12841,3792.96,26,394
15465,7324.7699999999995,41,96
16057,2137.7200000000003,38,114
16392,203.54000000000002,291,41
12965,744.6300000000001,111,105
14658,199.69,27,25
14109,127.2,94,8
15210,331.18,247,20
16517,130.65,299,14
13888,557.3799999999999,141,37
15181,689.48,88,16
13470,165.0,121,10
13131,1056.6999999999998,45,43
17286,124.50000000000003,43,37
12480,2647.41,50,133
13772,1103.76,55,169
14132,3527.5299999999997,24,196
13236,725.89,46,35
12656,3482.0499999999997,39,113
16025,439.65999999999997,51,28
13484,297.9,263,7
18074,489.6,395,13
16961,234.17000000000002,138,14
16992,1496.3099999999997,32,85
13531,307.9,227,16
17850,3689.2500000000005,394,212
14918,1285.5499999999997,137,36
14381,186.33000000000004,74,52
15646,399.44,179,31
16096,281.62,286,11
15444,1267.8700000000001,31,193
18093,2106.52,115,36
16954,2015.12,22,50
16183,338.7100000000001,89,15
13513,205.09999999999997,148,10
15713,268.2,165,17
17696,1991.6100000000001,60,97
12929,117.85,333,8
15062,795.16,93,47
13273,117.61000000000001,135,12
14723,935.25,32,237
17456,249.86,387,17
13436,196.88999999999996,23,12
16836,251.87,61,11
15335,171.47,75,35
13006,81.57,78,4
16863,449.7,53,24
12863,521.2,74,5
17356,148.51999999999998,333,18
12577,619.24,57,134
18168,1076.24,198,120
14913,1139.5300000000002,57,77
13151,1198.0200000000007,317,71
16008,340.43,45,25
15128,1295.6200000000001,82,84
17828,898.2299999999999,44,47
15049,121.17000000000002,295,3
12370,2975.46,73,151
15376,1156.8,62,108
15385,271.28000000000003,62,10
12749,3962.1799999999994,25,192
16817,1542.31,24,81
15782,2524.7400000000002,31,42
14911,125544.34999999999,23,5107
14745,1145.36,134,64
15320,246.73,66,33
17019,1124.06,33,213
18164,382.65000000000003,59,23
12987,558.7,95,28
13147,712.8000000000001,32,4
16747,836.06,59,42
15707,919.0699999999999,57,209
14719,1559.28,23,224
12536,4078.539999999999,81,246
13538,1280.8500000000001,65,25
18219,1945.2700000000002,24,106
16565,155.85,386,2
12678,15382.759999999998,64,152
12463,1138.0500000000002,75,72
17604,292.51,239,56
17685,2444.0299999999993,38,116
14805,554.6500000000001,37,47
14495,102.99999999999999,72,5
13800,533.12,331,32
16122,601.98,95,33
13301,520.77,125,62
17930,1740.4799999999998,57,39
18236,837.6400000000001,51,46
14804,274.96999999999997,30,9
12944,604.5099999999999,57,30
16370,1184.24,104,197
14800,4157.76,69,361
14904,983.76,24,64
14178,1571.54,30,315
13999,3721.46,32,199
14218,103.06,64,7
12645,1631.1799999999998,55,69
17900,60.0,212,4
16173,1370.42,37,81
14640,2038.13,46,99
17643,101.55,395,8
14133,540.14,151,25
13209,5684.59,52,312
16776,388.09000000000003,82,75
15963,462.96000000000004,41,27
12540,11170.439999999999,41,439
17045,339.43999999999994,135,22
17079,118.80000000000001,100,2
14121,2578.4500000000003,25,147
13908,2222.35,101,114
16513,692.74,26,30
13762,306.72,240,7
14582,114.11,62,6
14126,670.73,29,14
14997,443.00000000000006,68,22
17059,2598.76,51,436
18015,105.29000000000002,26,38
15412,184.63,193,9
16642,665.59,26,32
12362,4520.27,25,244
17205,384.08,75,13
16000,12393.699999999999,24,9
14204,145.82999999999998,24,40
14870,327.24999999999994,283,13
16591,213.5,90,10
14542,103.25000000000001,207,5
12997,1085.17,44,54
16224,1208.33,79,88
18246,596.0999999999999,45,4
17347,228.96,108,1
14367,8349.09,30,485
13833,384.7999999999999,181,29
13061,248.61,94,10
17950,446.95,94,67
12901,17654.539999999997,30,116
13319,10724.2,27,470
15838,23868.779999999995,33,138
14165,104.00999999999999,297,20
17306,8631.310000000001,32,66
16278,566.38,122,23
13744,1115.25,117,66
13856,366.90000000000003,190,12
14934,1875.94,103,86
17223,345.95000000000005,332,35
14437,63.0,387,5
13351,323.94,88,15
16516,86.1,52,5
15939,3261.61,129,45
13091,345.82000000000005,50,21
17237,306.74,33,18
12654,529.98,32,34
15780,439.58,205,27
16398,1639.6,176,77
13983,2592.9300000000003,51,106
17090,1790.13,26,58
16171,73.2,81,3
18165,302.46000000000004,199,10
12526,1162.46,22,67
16311,593.46,39,35
16125,234.45,389,11
13565,234.37,41,36
17827,1640.5800000000002,27,184
12637,5755.44,89,375
